Name1,Name2
AARON,ERIN
AARON,RON
AARON,RONNIE
AB,ABEL
AB,ABIEL
AB,ABNER
AB,ABRAHAM
AB,ABRAM
AB,ABIGAIL
ABBIE,ABIGAIL
ABBIE,ABNER
ABBY,ABIGAIL
ABE,ABRAHAM
ABE,ABRAM
ABE,ABEL
ABEL,AB
ABEL,ABE
ABEL,EB
ABEL,EBBIE
ABERTINA,ALBERTA
ABIEL,AB
ABIGAIL,ABBIE
ABIGAIL,ABBY
ABIGAIL,GAIL
ABIGAIL,NABBY
ABIGAIL,AB
ABNER,AB
ABNER,ABBIE
ABRAHAM,AB
ABRAHAM,ABE
ABRAHAM,ABRAM
ABRAM,ABRAHAM
ABRAM,AB
ABRAM,ABE
ADA,ADALINE
ADA,ADELINE
ADA,ADDY
ADALINE,ADA
ADALINE,ADDY
ADALINE,DELIA
ADALINE,DELL
ADALINE,LENA
ADALINE,ADELA
ADALINE,ALINE
ADALINE,EDITH
ADDIE,ADELAIDE
ADDY,ADALINE
ADDY,ADELAIDE
ADDY,ADELINE
ADDY,ADELPHIA
ADDY,ADA
ADDY,AGATHA
ADDY,ADELE
ADELA,ADALINE
ADELA,DELL
ADELA,DELLA
ADELA,ADELAIDE
ADELAIDE,DELL
ADELAIDE,DELLA
ADELAIDE,ADDY
ADELAIDE,ADELE
ADELAIDE,HEIDI
ADELAIDE,ADELINE
ADELAIDE,HEIDE
ADELAIDE,ADDIE
ADELAIDE,ADELA
ADELBERT,ALBERT
ADELE,ADELAIDE
ADELE,ADELPHIA
ADELE,ADDY
ADELE,DELL
ADELINE,ADELAIDE
ADELINE,ALINE
ADELINE,ADA
ADELINE,ADDY
ADELINE,DELIA
ADELINE,DELL
ADELINE,LENA
ADELPHIA,ADDY
ADELPHIA,ADELE
ADELPHIA,DELL
ADELPHIA,DELPHIA
ADELPHIA,PHILLY
ADOLPH,DOLPH
AG,AGATHA
AGATHA,AGGY
AGATHA,AG
AGATHA,AGGIE
AGATHA,AGNES
AGATHA,ADDY
AGGIE,AGATHA
AGGY,AGATHA
AGGY,AGNES
AGGY,AUGUSTA
AGGY,AUGUSTINA
AGNES,AGATHA
AGNES,INEZ
AGNES,NANCY
AGNES,AGGY
AGNES,NESSA
AGNES,ANN
AGNES,NESSIE
AILEEN,HELEN
AILEEN,HELENA
AILEEN,ALLIE
AILEEN,LENA
AL,ALAN
AL,ALBERT
AL,ALDO
AL,ALEXANDER
AL,ALFONSE
AL,ALFRED
AL,ALLAN
AL,ALLEN
AL,ALONZO
AL,ALANSON
AL,ALEX
AL,BERT
ALAN,AL
ALANSON,LANSON
ALANSON,AL
ALBERT,ELBERT
ALBERT,ADELBERT
ALBERT,AL
ALBERT,BERT
ALBERT,BIRD
ALBERTA,ALLIE
ALBERTA,BERT
ALBERTA,BERTIE
ALBERTA,ABERTINA
ALBERTA,ALBERTINE
ALBERTINE,ALBERTA
ALDO,AL
ALDRICH,RICH
ALDRICH,RICHE
ALDRICH,RICHIE
ALEC,ALEXANDER
ALEX,ALEXANDER
ALEX,ALEXANDRA
ALEX,AL
ALEXANDER,AL
ALEXANDER,ALEX
ALEXANDER,SANDY
ALEXANDER,ALEC
ALEXANDRA,SANDRA
ALEXANDRA,ALEX
ALEXANDRA,ALLA
ALEXANDRA,SANDY
ALEXANDRIA,SANDRA
ALEXANDRIA,ALLA
ALF,ALFRED
ALFIE,ALFRED
ALFONSE,AL
ALFRED,AL
ALFRED,FRED
ALFRED,FREDDY
ALFRED,ALF
ALFRED,ALFIE
ALFREDA,ALFY
ALFREDA,FREDA
ALFREDA,FREDDY
ALFREDA,FRIEDA
ALFY,ALFREDA
ALGERNON,ALGY
ALGY,ALGERNON
ALICE,LISA
ALICE,ELSIE
ALICE,ALLIE
ALICE,ALICIA
ALICIA,ALICE
ALICIA,ALLIE
ALICIA,ELSIE
ALICIA,LISA
ALINE,ADALINE
ALINE,ADELINE
ALLA,ALEXANDRA
ALLA,ALEXANDRIA
ALLAN,AL
ALLEN,AL
ALLIE,ALICE
ALLIE,ALICIA
ALLIE,ALMENA
ALLIE,AILEEN
ALLIE,ALBERTA
ALLIE,ALLISANDRA
ALLISANDRA,ALLIE
ALMENA,ALLIE
ALMENA,MENA
ALMIRA,MYRA
ALONZO,AL
ALONZO,LON
ALONZO,LONZO
ALONZO,ALPHONZO
ALPHONZO,ALONZO
AMANDA,MANDA
AMANDA,MANDY
AMELIA,PARMELIA
AMELIA,AMY
AMELIA,EMILY
AMELIA,MEL
AMELIA,MILLIE
AMELIA,MELIA
AMY,AMELIA
ANA,ANASTASIA
ANASTASIA,ANA
ANDERSON,ANDY
ANDREW,ANDY
ANDREW,DREW
ANDY,ANDERSON
ANDY,ANDREW
ANDY,DREW
ANGELA,ANGELINA
ANGELA,ANGELINE
ANGELA,ANGELICA
ANGELICA,ANGELA
ANGELINA,ANGELA
ANGELINE,ANGELA
ANN,ANTOINETTE
ANN,ANTONIA
ANN,ROSAENN
ANN,ROSAENNA
ANN,ROXANNE
ANN,ROXANNA
ANN,CHRISTIANA
ANN,NANCY
ANN,ROSEANN
ANN,ROSEANNA
ANN,ROSEANNE
ANN,ANNE
ANN,AGNES
ANN,ANNIE
ANN,NAN
ANN,NANA
ANN,NANNY
ANN,HANNAH
ANN/ANNA,NAN
ANN/ANNA,NANA
ANN/ANNA,NANCY
ANN/ANNA,NANNY
ANNA,HANNAH
ANNA,ANNETTE
ANNE,ANN
ANNE,ANNIE
ANNE,NAN
ANNE,NANA
ANNE,NANCY
ANNE,NANNY
ANNE,HANNAH
ANNETTE,ANNA
ANNIE,ANN
ANNIE,ANNE
ANSEL,ANSELM
ANSELM,ANSEL
ANTHONY,TONY
ANTOINETTE,ANN
ANTOINETTE,NETTA
ANTOINETTE,TONY
ANTOINETTE,NETTIE
ANTOINETTE,ANTONIA
ANTONIA,ANTOINETTE
ANTONIA,ANN
ANTONIA,NETTA
ANTONIA,TONY
ANTONIA,NETTIE
ARA,ARABELLA
ARA,ARABELLE
ARA,ARRY
ARA,BELLE
ARABELLA,ARA
ARABELLA,ARRY
ARABELLA,BELLA
ARABELLA,BELLE
ARABELLE,ARA
ARABELLE,ARRY
ARABELLE,BELLA
ARABELLE,BELLE
ARCHIBALD,ARCHIE
ARCHIBALD,BALDIE
ARCHIE,ARCHIBALD
ARLENE,ARLY
ARLENE,LENA
ARLY,ARLENE
ARMENA,ARRY
ARMENA,MENA
ARMILDA,MILLY
ARNIE,ARNOLD
ARNOLD,ARNIE
ARRY,ARABELLA
ARRY,ARABELLE
ARRY,ARMENA
ARRY,ARA
ART,ARTHUR
ARTHUR,ART
ARTHUR,OTE
ASA,ASAHEL
ASA,ASAPH
ASAHEL,ASA
ASAPH,ASA
ASENATH,ASSENE
ASENATH,NATTY
ASENATH,SENE
ASSENE,ASENATH
AUDREY,DEE
AUGUST,AUGUSTINE
AUGUST,AUGUSTUS
AUGUST,GUS
AUGUSTA,AGGY
AUGUSTA,GATSY
AUGUSTA,GUSSIE
AUGUSTA,TINA
AUGUSTA/AUGUSTINA,GUSIE
AUGUSTINA,AGGY
AUGUSTINA,GATSY
AUGUSTINA,GUSSIE
AUGUSTINA,TINA
AUGUSTINE,AUGUST
AUGUSTINE,AUSTIN
AUGUSTINE,GUS
AUGUSTUS,AUGUST
AUGUSTUS,AUSTIN
AUGUSTUS,GUS
AURELIA,ORA
AUSTIN,AUGUSTINE
AUSTIN,AUGUSTUS
AVARILLA,RILLA
AZARIAH,AZE
AZARIAH,RIAH
AZE,AZARIAH
BAB,BARBARA
BAB,BABS
BAB,BARBY
BABS,BARBARA
BABS,BAB
BABS,BARBY
BALDIE,ARCHIBALD
BARBARA,BARBERY
BARBARA,BAB
BARBARA,BABS
BARBARA,BARBIE
BARBARA,BARBY
BARBARA,BOBBIE
BARBERY,BARBARA
BARBIE,BARBARA
BARBY,BARBARA
BARBY,BABS
BARBY,BAB
BARNABAS,BARNEY
BARNARD/BERNARD,BARNEY
BARNEY,BARNABAS
BARNEY,BERNARD
BARNEY,BARNARD/BERNARD
BART,BARTHOLOMEW
BARTEL,BARTHOLOMEW
BARTH,BARTHOLOMEW
BARTHOLOMEW,BART
BARTHOLOMEW,BARTEL
BARTHOLOMEW,BAT
BARTHOLOMEW,MEES
BARTHOLOMEW,MEUS
BARTHOLOMEW,BARTH
BAT,BARTHOLOMEW
BEA,BEATRICE
BEATRICE,BEA
BEATRICE,TRISHA
BEATRICE,TRIX
BEATRICE,TRIXIE
BECCA,REBECCA
BECCA,REBA
BECCA,BECK
BECK,REBECCA
BECK,BECCA
BECK,REBA
BECK,BECKY
BECKY,REBECCA
BECKY,BECK
BELA,WILLIAM
BELINDA,BELLE
BELINDA,LINDA
BELINDA,BELL
BELL,ISABEL
BELL,WILLIAM
BELL,BELINDA
BELLA,ARABELLA
BELLA,ISABELLA
BELLA,ROSABELLA
BELLA,ARABELLE
BELLA,ISABEL
BELLA,ISABELLE
BELLA,BELLE
BELLE,ARABELLA
BELLE,BELINDA
BELLE,ISABEL
BELLE,ISABELLE
BELLE,ROSABEL
BELLE,ARABELLE
BELLE,ISABELLA
BELLE,ROSABELLA
BELLE,BELLA
BELLE,ARA
BEN,BENEDICT
BEN,BENJAMIN
BEN,JAMIE
BEN,BENNIE
BENEDICT,BEN
BENEDICT,BENNIE
BENEDICT,BENNETT
BENJAMIN,BEN
BENJAMIN,BENJY
BENJAMIN,BENNIE
BENJAMIN,JAMIE
BENJY,BENJAMIN
BENNETT,BENEDICT
BENNIE,BENEDICT
BENNIE,BENJAMIN
BENNIE,BEN
BERNARD,BARNEY
BERNARD,BERNEY
BERNARD,BERNIE
BERNARD,BERNY
BERNEY,BERNARD
BERNEY,BERNIE
BERNIE,BERNARD
BERNIE,BERNEY
BERNY,BERNARD
BERRY,GREENBERRY
BERRY,LITTLEBERRY
BERT,ALBERT
BERT,DELBERT
BERT,ELBERT
BERT,GILBERT
BERT,HERBERT
BERT,HUBERT
BERT,NORBERT
BERT,ALBERTA
BERT,BERTHA
BERT,ROBERTA
BERT,WILBER
BERT,AL
BERT,EGBERT
BERT,BERTIE
BERT,BOB
BERT,BOBBY
BERTHA,BERT
BERTHA,BERTIE
BERTHA,BIRDIE
BERTIE,ALBERTA
BERTIE,BERTHA
BERTIE,ROBERTA
BERTIE,BERT
BESS,ELIZABETH
BESS,BESSIE
BESSIE,ELIZABETH
BESSIE,BESS
BETH,ELIZABETH
BETH,BETSY
BETH,BETTY
BETSY,ELIZABETH
BETSY,BETH
BETTY,ELIZABETH
BETTY,BETH
BIAS,TOBIAS
BIDDIE,BRIDGET
BIDDIE,OBEDIENCE
BIDDIE,BIDDY
BIDDY,BRIDGET
BIDDY,BIDDIE
BILL,ROBERT
BILL,WILLIAM
BILL,WILL
BILL,BILLY
BILL,FRED
BILL,WILLIE
BILLY,ROBERT
BILLY,WILLIAM
BILLY,BILL
BILLY,FRED
BIRD,ALBERT
BIRDIE,BERTHA
BIRDIE,ROBERTA
BIRTIE,ROBERTA
BOB,ROBERT
BOB,BOBBY
BOB,BERT
BOB,ROB
BOBBIE,BARBARA
BOBBIE,ROBERTA
BOBBY,ROBERT
BOBBY,RODGER
BOBBY,ROGER
BOBBY,BERT
BOBBY,BOB
BOBBY,ROB
BRAD,BRADFORD
BRAD,FORD
BRADFORD,BRAD
BRADFORD,FORD
BRADY,BRODERICK
BRADY,BRODY
BRIAN,BRYANT
BRIAN,BRYAN
BRIDGET,BIDDIE
BRIDGET,BIDDY
BRIDGET,BRIDGIE
BRIDGET,BRIDIE
BRIDGET,BRIE
BRIDGIE,BRIDGET
BRIDIE,BRIDGET
BRIE,BRIDGET
BRINA,SABRINA
BRODERICK,BRADY
BRODERICK,BRODY
BRODERICK,RICK
BRODERICK,RICKY
BRODERICK,ROD
BRODY,BRODERICK
BRODY,BRADY
BRYAN,BRIAN
BRYANT,BRIAN
BURT,EGBERT
CAL,CALVIN
CAL,CALEB
CALEB,CAL
CALVIN,CAL
CALVIN,VIN
CALVIN,VINNY
CAM,CAMERON
CAM,CAMPBELL
CAMERON,CAM
CAMERON,RON
CAMERON,RONNY
CAMILE,CAMMIE
CAMILLE,CAMMIE
CAMILLE,MILLIE
CAMILLE,CAMMY
CAMMIE,CAMILE
CAMMIE,CAMILLE
CAMMY,CAMILLE
CAMPBELL,CAM
CANDACE,CANDY
CANDY,CANDACE
CARL,CHARLES
CARL,KARL
CARLOTTA,LOTTIE
CAROL,CAROLANN
CAROL,CAROLINE
CAROL,CAROLE
CAROL,CARRIE
CAROL,CASSIE
CAROL,LYNN
CAROLANN,CAROL
CAROLANN,CAROLE
CAROLE,CAROLANN
CAROLE,CAROLINE
CAROLE,CAROL
CAROLINE,CAROLYN
CAROLINE,CAROL
CAROLINE,CAROLE
CAROLINE,CARRIE
CAROLINE,CASSIE
CAROLINE,LYNN
CAROLYN,CARRIE
CAROLYN,CASSIE
CAROLYN,LYNN
CAROLYN,CAROLINE
CARRIE,CAROL
CARRIE,CAROLINE
CARRIE,CAROLYN
CARRIE,CASSIE
CASEY,K.C.
CASPER,JASPER
CASS,CASSANDRA
CASS,CASWELL
CASSANDRA,SANDRA
CASSANDRA,CASSIE
CASSANDRA,SANDY
CASSANDRA,CASSIE SANDRA
CASSANDRA,CASS
CASSIE,CAROLINE
CASSIE,CASSANDRA
CASSIE,CATHERINE
CASSIE,CATHLEEN
CASSIE,CAROL
CASSIE,CAROLYN
CASSIE,KATHERINE
CASSIE,KATHLEEN
CASSIE,CARRIE
CASSIE SANDRA,CASSANDRA
CASWELL,CASS
CATHERINE,CASSIE
CATHERINE,CATHY
CATHERINE,KATHY
CATHERINE,KATY
CATHERINE,KAY
CATHERINE,KIT
CATHERINE,KITTIE
CATHERINE,LENA
CATHERINE,TRINA
CATHERINE,KAREN
CATHERINE,KATIE
CATHLEEN,CASSIE
CATHLEEN,CATHY
CATHLEEN,KATHY
CATHLEEN,KATY
CATHLEEN,KAY
CATHLEEN,KIT
CATHLEEN,KITTIE
CATHLEEN,LENA
CATHLEEN,TRINA
CATHLEEN,KAREN
CATHLEEN,KATIE
CATHY,CATHERINE
CATHY,CATHLEEN
CATHY,KATHERINE
CATHY,KATHLEEN
CATHY,KATHY
CEALL,LUCILLE
CECILIA,SHEILA
CECILIA,CELIA
CECILIA,CISSY
CED,CEDRIC
CEDRIC,CED
CEDRIC,RICK
CEDRIC,RICKY
CELESTE,CELIA
CELIA,CECILIA
CELIA,CELESTE
CENE,CYRENIUS
CHAD,CHARLES
CHAN,CHAUNCEY
CHAR,CHARLOTTE
CHARLES,CARL
CHARLES,CHARLIE
CHARLES,CHICK
CHARLES,CHUCK
CHARLES,CHAD
CHARLES,CHAZ
CHARLIE,CHARLES
CHARLIE,CHUCK
CHARLOTTA,LOTTA
CHARLOTTA,LOTTY
CHARLOTTE,LOTTA
CHARLOTTE,LOTTY
CHARLOTTE,CHAR
CHARLOTTE,LOTTIE
CHARLOTTE,SHERRY
CHARLOTTE,LETTY
CHAUNCEY,CHAN
CHAZ,CHARLES
CHER,SHER
CHERYL,SHERYL
CHESTER,CHET
CHET,CHESTER
CHICK,CHARLES
CHLOE,CLO
CHRINTINA,CRISSY
CHRINTINE,CRISSY
CHRIS,CHRISTA
CHRIS,CHRISTIAN
CHRIS,CHRISTINA
CHRIS,CHRISTINE
CHRIS,CHRISTOPHER
CHRIS,KRISTEN
CHRIS,KRISTIN
CHRIS,KRISTY
CHRIS,CHRISTIANA
CHRIS,KRISTINE
CHRIS,KRIS
CHRISSY,CHRISTINE
CHRISTA,CHRIS
CHRISTIAN,CHRISTOPHER
CHRISTIAN,CHRIS
CHRISTIAN,KIT
CHRISTIANA,ANN
CHRISTIANA,CHRIS
CHRISTIANA,CHRISTY
CHRISTIANA,CRISSY
CHRISTIANA,KRIS
CHRISTIANA,KRISTY
CHRISTIANA,TINA
CHRISTINA,CHRIS
CHRISTINA,CHRISTY
CHRISTINA,CRISSY
CHRISTINA,KRIS
CHRISTINA,KRISTY
CHRISTINA,TINA
CHRISTINE,CHRIS
CHRISTINE,CHRISSY
CHRISTINE,CRISSY
CHRISTINE,KRIS
CHRISTINE,KRISTY
CHRISTINE,TINA
CHRISTINE,CHRISTY
CHRISTOPHER,CHRISTIAN
CHRISTOPHER,CHRIS
CHRISTOPHER,KIT
CHRISTY,CHRISTIANA
CHRISTY,CHRISTINA
CHRISTY,KRISTINE
CHRISTY,CHRISTINE
CHRISTY,CRISSY
CHUCK,CHARLES
CHUCK,CHARLIE
CICELY,CILLA
CILLA,PRISCILLA
CILLA,CICELY
CILLE,LUCILLE
CINDERLLA,CINDY
CINDY,CINDERLLA
CINDY,CYNTHIA
CINDY,LUCINDA
CINTHA,CYNTHIA
CISSY,CECILIA
CISSY,CLARISSA
CISSY,FRANCES
CISSY,PRISCILLA
CLAAS,NICHOLAS
CLAES,NICHOLAS
CLAIR,CLARENCE
CLAIR,CLARA
CLAIR,CLARE
CLAIRE,CLARA
CLARA,CLARISSA
CLARA,CLARINDA
CLARA,CLARE
CLARA,CLAIR
CLARA,CLARICE
CLARA,CLAIRE
CLARE,CLARENCE
CLARE,CLAIR
CLARE,CLARA
CLARENCE,CLAIR
CLARENCE,CLARE
CLARICE,CLARA
CLARINDA,CLARA
CLARISSA,CLARA
CLARISSA,CISSY
CLEM,CLEMENT
CLEM,CLEMENTINE
CLEMENT,CLEM
CLEMENTINE,CLEM
CLIFF,CLIFFORD
CLIFF,CLIFTON
CLIFF,CLIFF
CLIFFORD,CLIFF
CLIFFORD,FORD
CLIFTON,CLIFF
CLIFTON,TONY
CLO,CHLOE
CLUM,COLUMBUS
COLUMBUS,CLUM
COLUMBUS,LUM
CON,CONRAD
CON,CORNELIUS
CON,CONNY
CONNIE,CONSTANCE
CONNY,CONRAD
CONNY,CORNELIUS
CONNY,CON
CONRAD,CON
CONRAD,CONNY
CONSTANCE,CONNIE
CORA,CORINNE
CORDELIA,DELIA
CORDELIA,CORDY
CORDY,CORDELIA
CORINNE,CORA
CORNELIA,CORNIE
CORNELIA,CORNY
CORNELIA,NELIA
CORNELIA,NELLE
CORNELIA,NELLY
CORNELIUS,CON
CORNELIUS,CONNY
CORNELIUS,CORNY
CORNELIUS,NEIL
CORNELIUS,NIEL
CORNIE,CORNELIA
CORNY,CORNELIA
CORNY,CORNELIUS
COURT,COURTNEY
COURTNEY,COURT
COURTNEY,CURT
CRISSY,CHRINTINA
CRISSY,CHRINTINE
CRISSY,CHRISTIANA
CRISSY,CHRISTINA
CRISSY,CHRISTINE
CRISSY,KRISTINE
CRISSY,CHRISTY
CURG,LECURGUS
CURT,CURTIS
CURT,COURTNEY
CURTIS,CURT
CY,CYRUS
CY,CYRENIUS
CYNTHIA,CINDY
CYNTHIA,CINTHA
CYRENIUS,CENE
CYRENIUS,CY
CYRENIUS,RENIUS
CYRENIUS,SERENE
CYRENIUS,SWENE
CYRUS,CY
DAHL,DAL
DAHL,DALTON
DAISY,MARGARET
DAISY,MARGARETTA
DAL,DAHL
DALTON,DAHL
DAN,DANIEL
DAN,SHERIDAN
DAN,DANNY
DANIEL,DAN
DANIEL,DANNY
DANNY,DANIEL
DANNY,SHERIDAN
DANNY,DAN
DAPH,DAPHNE
DAPHIE,DAPHNE
DAPHNE,DAPHIE
DAPHNE,DAPH
DARKEY,DORCUS
DARLENE,DARRY
DARLENE,LENA
DARRY,DARLENE
DAVE,DAVID
DAVEY,DAVID
DAVID,DAVE
DAVID,DAVEY
DAVID,DAY
DAVID,DAVY
DAVY,DAVID
DAY,DAVID
DEANNIE,GERALDINE
DEB,DEBORAH
DEB,DEBRA
DEB,DEBORA
DEB,DEBBIE
DEB,DEBBY
DEBBIE,DEBORAH
DEBBIE,DEBRA
DEBBIE,DEBORA
DEBBIE,DEB
DEBBIE,DEBBY
DEBBY,DEBORA
DEBBY,DEBORAH
DEBBY,DEBBIE
DEBBY,DEB
DEBORA,DEB
DEBORA,DEBBIE
DEBORA,DEBBY
DEBORAH,DEB
DEBORAH,DEBBIE
DEBORAH,DEBBY
DEBRA,DEB
DEBRA,DEBBIE
DEE,DELORES
DEE,AUDREY
DEE,DOROTHY
DEEDEE,DEIDRE
DEIDRE,DEEDEE
DEL,DELBERT
DELBERT,BERT
DELBERT,DEL
DELIA,ADALINE
DELIA,ADELINE
DELIA,CORDELIA
DELIA,FIDELIA
DELILAH,DELL
DELILAH,DELLA
DELILAH,LIL
DELILAH,LILA
DELIVERANCE,DELLA
DELIVERANCE,DELLY
DELIVERANCE,DILLY
DELL,ADALINE
DELL,ADELAIDE
DELL,ADELINE
DELL,ADELPHIA
DELL,DELORES
DELL,ADELE
DELL,DELILAH
DELL,DELLA
DELL,ADELA
DELLA,DELORES
DELLA,ADELAIDE
DELLA,DELIVERANCE
DELLA,DELL
DELLA,DELILAH
DELLA,ADELA
DELLY,DELIVERANCE
DELORES,DEE
DELORES,DELL
DELORES,DELLA
DELORES,LOLA
DELORES,LOLLY
DELPHA,PHILADELPHIA
DELPHIA,ADELPHIA
DELPHIA,PHILLY
DELPHIA,PHILADELPHIA
DEMARIS,DEMERIAS
DEMERIAS,MARIS
DEMERIAS,DEMARIS
DENNIE,DENNIS
DENNIS,DENNISON
DENNIS,DENNIE
DENNIS,DENNY
DENNISON,DENNIS
DENNISON,DENNY
DENNY,DENNIS
DENNY,DENNISON
DERICK,RICK
DERICK,RICKY
DERRICK,ERIC
DERRICK,RICK
DERRICK,RICKY
DI,DIANE
DI,DIANA
DIAH,OBADIAH
DIAH,ZEDEDIAH
DIAH,JEDEDIAH
DIANA,DI
DIANE,DI
DICEY,EDITH
DICEY,DICIE
DICIE,DICEY
DICK,RICHARD
DICK,RICH
DICK,RICKY
DICK,MELCHIZEDEK
DICK,ZADOCK
DICK,RICK
DICKIE,RICHARD
DICKON,RICHARD
DICKY,RICHARD
DILLY,DELIVERANCE
DINA,GERALDINE
DITE,EPAPHRODITIUS
DITUS,EPAPHRODITIUS
DOB,ROBERT
DOBBIN,ROBERT
DOLLY,DOROTHY
DOLPH,RANDOLPH
DOLPH,RUDOLPH
DOLPH,RUDOLPHUS
DOLPH,ADOLPH
DOM,DOMENIC
DOM,DOMINICO
DOM,DOMINIC
DOMENIC,DOM
DOMINIC,DOM
DOMINIC,NICK
DOMINICO,DOM
DON,DONALD
DON,DONATO
DONALD,DON
DONALD,DONNIE
DONALD,DONNY
DONALD,DONY
DONATO,DON
DONNIE,DONALD
DONNIE,DONNY
DONNY,DONALD
DONNY,DONNIE
DONY,DONALD
DORA,DOROTHY
DORA,ELDORA
DORA,ISADORA
DORA,DORIS
DORA,DOROTHEA
DORA,EUDORA
DORA,MEDORA
DORA,THEODORA
DORCUS,DARKEY
DORIS,DORA
DOROTHEA,DOROTHY
DOROTHEA,DORA
DOROTHY,DOLLY
DOROTHY,DORA
DOROTHY,DORTHA
DOROTHY,DOT
DOROTHY,DOTTIE
DOROTHY,DOTTY
DOROTHY,DOROTHEA
DOROTHY,DOTHA
DOROTHY,DEE
DORTHA,DOROTHY
DOSIA,THEODOSIA
DOT,DOROTHY
DOT,DOTTY
DOTHA,DOROTHY
DOTTIE,DOROTHY
DOTTY,DOROTHY
DOTTY,DOT
DREW,ANDREW
DREW,WOODROW
DREW,ANDY
DRUSILLA,SILLA
DYCE,EPAPHRODITIUS
DYCHE,EPAPHRODITIUS
DYER,OBADIAH
DYER,ZEDEDIAH
DYER,JEDEDIAH
EARNEST,ERNIE
EB,ABEL
EB,EBENEZER
EB,EBBIE
EBBIE,ABEL
EBBIE,EBENEZER
EBBIE,EB
EBEN,EBENEZER
EBENEZER,EB
EBENEZER,EBBIE
EBENEZER,EBEN
EBENEZER,ED
ED,EDGAR
ED,EDMOND
ED,EDMUND
ED,EDUARDO
ED,EDWARD
ED,EDWIN
ED,EBENEZER
ED,EDITH
ED,EDWINA
ED,EDDIE
ED,EDDY
EDDIE,EDGAR
EDDIE,EDMOND
EDDIE,EDMUND
EDDIE,EDUARDO
EDDIE,EDWARD
EDDIE,EDWIN
EDDIE,ED
EDDIE,EDDY
EDDY,EDGAR
EDDY,EDMOND
EDDY,EDMUND
EDDY,EDUARDO
EDDY,EDWARD
EDDY,EDWIN
EDDY,ED
EDDY,EDDIE
EDGAR,ED
EDGAR,EDDIE
EDGAR,EDDY
EDIE,EDITH
EDIE,EDYTH
EDIE,EDYTHE
EDITH,ADALINE
EDITH,EDIE
EDITH,EDYE
EDITH,ED
EDITH,DICEY
EDMOND,ED
EDMOND,EDDIE
EDMOND,EDDY
EDMUND,ED
EDMUND,EDDIE
EDMUND,EDDY
EDMUND,NED
EDMUND,TED
EDNA,EDNY
EDNY,EDNA
EDUARDO,ED
EDUARDO,EDDIE
EDUARDO,EDDY
EDWARD,ED
EDWARD,EDDIE
EDWARD,EDDY
EDWARD,NED
EDWARD,TED
EDWARD,TEDDY
EDWIN,ED
EDWIN,EDDIE
EDWIN,EDDY
EDWIN,NED
EDWIN,WIN
EDWINA,ED
EDYE,EDYTH
EDYE,EDYTHE
EDYE,EDITH
EDYTH,EDIE
EDYTH,EDYE
EDYTHE,EDIE
EDYTHE,EDYE
EGBERT,BURT
EGBERT,BERT
EILEEN,HELEN
EILEEN,HELENA
ELAINE,ELEANOR
ELAINE,HELEN
ELAINE,HELENA
ELBERT,ALBERT
ELBERT,BERT
ELDORA,DORA
ELEANOR,ELLA
ELEANOR,ELLIE
ELEANOR,HELEN
ELEANOR,HELENA
ELEANOR,ELAINE
ELEANOR,ELLEN
ELEANOR,LANNA
ELEANOR,LENORA
ELEANOR,NELLY
ELEANOR,NORA
ELEANOR,LEONORA
ELEANOR,NELL
ELEANOR,NELLIE
ELEAZER,LAZAR
ELENA,HELEN
ELENOR,LEONORE
ELENOR,LEONORA
ELI,ELIAS
ELI,ELIJAH
ELI,ELISHA
ELI,ELIZA
ELIAS,ELI
ELIAS,LEE
ELIAS,LIAS
ELIJAH,ELI
ELIJAH,LIGE
ELIPHALET,LEFT
ELISHA,ELI
ELISHA,LISH
ELISHA,ELLIS
ELIZA,ELIZABETH
ELIZA,LOUISA
ELIZA,LOUISE
ELIZA,ELLIS
ELIZA,LISH
ELIZA,LIZ
ELIZA,ELI
ELIZABETH,ELSIE
ELIZABETH,BESS
ELIZABETH,BESSIE
ELIZABETH,BETH
ELIZABETH,BETSY
ELIZABETH,BETTY
ELIZABETH,ELIZA
ELIZABETH,LIB
ELIZABETH,LIBBY
ELIZABETH,LISA
ELIZABETH,LIZ
ELIZABETH,LIZA
ELIZABETH,LIZZIE
ELIZABETH,LIZABETH
ELLA,GABRIELLA
ELLA,GABRIELLE
ELLA,HELEN
ELLA,HELENE
ELLA,LUELLA
ELLA,ELEANOR
ELLA,ELLEN
ELLEN,ELEANOR
ELLEN,HELEN
ELLEN,HELENE
ELLEN,ELLA
ELLEN,LENA
ELLEN,HELENA
ELLIE,ELEANOR
ELLIE,ELMIRA
ELLIE,HELEN
ELLIE,HELENE
ELLIE,ELLY
ELLIE,GABRIELLA
ELLIE,LUELLA
ELLIS,ELISHA
ELLIS,ELIZA
ELLSWOOD,ELSEY
ELLY,ELMIRA
ELLY,ELLIE
ELMIRA,ELLIE
ELMIRA,ELLY
ELMIRA,MIRA
ELOISE,HELOISE
ELOISE,LOUISE
ELOUISE,HELOISE
ELOUISE,LOUISE
ELSEY,ELLSWOOD
ELSEY,ELSIE
ELSEY,ELSWOOD
ELSEY,ELZE
ELSIE,ALICE
ELSIE,ALICIA
ELSIE,ELIZABETH
ELSIE,ELSEY
ELSWOOD,ELSEY
ELWOOD,WOODY
ELZE,ELSEY
EM,EMELINE
EMANUEL,MANUEL
EMANUEL,MANNY
EMELINE,EM
EMELINE,EMILY
EMELINE,EMMA
EMELINE,EMMY
EMELINE,MILLY
EMELINE,MILLIE
EMILY,AMELIA
EMILY,EMELINE
EMILY,EMMA
EMILY,EMMY
EMILY,MEL
EMILY,MILLIE
EMMA,EMELINE
EMMA,EMILY
EMMA,EMMY
EMMA,ERMA
EMMANUEL,IMMANUEL
EMMY,EMELINE
EMMY,EMILY
EMMY,EMMA
EPAPHRODITIUS,DITE
EPAPHRODITIUS,DITUS
EPAPHRODITIUS,DYCE
EPAPHRODITIUS,DYCHE
EPAPHRODITIUS,EPPA
EPH,EPHRAIM
EPHRAIM,EPH
EPPA,EPAPHRODITIUS
ERIC,DERRICK
ERIC,RICK
ERIC,RICKY
ERIN,AARON
ERMA,EMMA
ERNEST,ERNIE
ERNESTINE,TINA
ERNIE,ERNEST
ERNIE,EARNEST
ERWIN,IRWIN
ESSA,VANESSA
ESSY,ESTELLA
ESSY,ESTELLE
ESTELLA,ESSY
ESTELLA,STELLA
ESTELLE,ESSY
ESTELLE,STELLA
ESTHER,HESTER
ESTHER HESSY,HESTER
ETTA,HENRIETTA
ETTA,LORETTA
ETTY,HENRIETTA
EUDORA,DORA
EUGENE,GENE
EUPHROSINA,FENA
EUPHROSINA,ROSEY
EUPHROSINA,FENEE
EUSTACIA,STACY
EUSTACIA,STACIA
EVA,EVALINE
EVA,EVE
EVALINE,EVA
EVALINE,EVE
EVALINE,LENA
EVE,GENEVIEVE
EVE,EVALINE
EVE,EVA
EVE,EVELYN
EVELYN,EVE
EZ,EZEKIEL
EZ,EZRA
EZEKIEL,EZ
EZEKIEL,ZEKE
EZRA,EZ
FAITH,FAY
FANNY,FRANCES
FATE,LAFAYETTE
FAY,FAITH
FELTIE,FELTY
FELTY,FELTIE
FELTY,VALENTINE
FENA,EUPHROSINA
FENEE,EUPHROSINA
FERDIE,FERDINAND
FERDINAND,FERDIE
FERDINAND,FRED
FERDINAND,FREDDIE
FERDINAND,FREDDY
FIDELIA,DELIA
FIELD,WINFIELD
FINA,JOSEPHINE
FLO,FLORENCE
FLORA,FLORENCE
FLORENCE,FLO
FLORENCE,FLORA
FLORENCE,FLOSSY
FLORENCE,FLOSS
FLORENCE,FLOSSIE
FLOSS,FLORENCE
FLOSSIE,FLORENCE
FLOSSY,FLORENCE
FORD,BRADFORD
FORD,CLIFFORD
FORD,BRAD
FRAN,FRANCES
FRAN,FRANCINE
FRAN,FRANCIS
FRAN,FRANKLIN
FRAN,FRANNIE
FRANCES,CISSY
FRANCES,FANNY
FRANCES,FRAN
FRANCES,FRANCIE
FRANCES,FRANKIE
FRANCES,FRANNIE
FRANCES,FRANNIEY
FRANCES,FRANNY
FRANCES,SIS
FRANCIE,FRANCES
FRANCIE,FRANCINE
FRANCINE,FRAN
FRANCINE,FRANCIE
FRANCINE,FRANNIE
FRANCINE,FRANNIEY
FRANCINE,FRANNY
FRANCIS,FRAN
FRANCIS,FRANK
FRANCIS,FRANKIE
FRANCIS,FRANKY
FRANK,FRANCIS
FRANK,FRANKLIN
FRANK,FRANKLIND
FRANK,FRANKIE
FRANKIE,FRANCIS
FRANKIE,FRANCES
FRANKIE,FRANKLIN
FRANKIE,FRANK
FRANKLIN,FRAN
FRANKLIN,FRANK
FRANKLIN,FRANKIE
FRANKLIN,FRANKY
FRANKLIND,FRANK
FRANKY,VERONICA
FRANKY,FRANCIS
FRANKY,FRANKLIN
FRANNIE,FRANCES
FRANNIE,FRANCINE
FRANNIE,FRAN
FRANNIEY,FRANCES
FRANNIEY,FRANCINE
FRANNY,FRANCES
FRANNY,FRANCINE
FRED,ALFRED
FRED,FERDINAND
FRED,FREDERICK
FRED,FRIEDA
FRED,WINNIFRED
FRED,BILL
FRED,BILLY
FRED,WILFRED
FRED,WILL
FRED,WILLIE
FRED,FREDDY
FREDA,ALFREDA
FREDA,FREDERICKA
FREDA,FRIEDA
FREDDIE,FERDINAND
FREDDIE,FREDERICK
FREDDIE,FRIEDA
FREDDIE,WINNIFRED
FREDDIE,WINIFRED
FREDDY,ALFREDA
FREDDY,FERDINAND
FREDDY,FREDERICK
FREDDY,FRIEDA
FREDDY,WINNIFRED
FREDDY,ALFRED
FREDDY,FREDERICKA
FREDDY,FRED
FREDERICK,FRED
FREDERICK,FREDDIE
FREDERICK,FREDDY
FREDERICK,FRITZ
FREDERICK,FREDRIC
FREDERICK,FRISH
FREDERICKA,FREDA
FREDERICKA,FREDDY
FREDERICKA,FRIEDA
FREDERICKA,RICKA
FREDRIC,FREDERICK
FRIEDA,ALFREDA
FRIEDA,FREDERICKA
FRIEDA,FREDA
FRIEDA,FRED
FRIEDA,FREDDIE
FRIEDA,FREDDY
FRISH,FREDERICK
FRITZ,FREDERICK
FRONA,SOPHRONIA
FRONIA,SOPHRONIA
FRONY,VERONICA
GABBIE,GABRIELLE
GABBY,GABRIELLA
GABBY,GABRIELLE
GABBY,GABRIEL
GABBY,GABE
GABE,GABRIEL
GABE,GABBY
GABRIEL,GABBY
GABRIEL,GABE
GABRIELLA,ELLA
GABRIELLA,ELLIE
GABRIELLA,GABBY
GABRIELLE,ELLA
GABRIELLE,GABBY
GABRIELLE,GABBIE
GAIL,ABIGAIL
GATSY,AUGUSTA
GATSY,AUGUSTINA
GATTY,GERTRUDE
GENCY,GENEVIEVE
GENE,EUGENE
GENEVIEVE,EVE
GENEVIEVE,JEAN
GENEVIEVE,JENNY
GENEVIEVE,JINSEY
GENEVIEVE,GENCY
GEOFF,GEOFFREY
GEOFF,JEFFREY
GEOFF,JEFF
GEOFFREY,JEFFREY
GEOFFREY,GEOFF
GEOFFREY,JEFF
GEORGE,GEORGINE
GEORGE,JORGE
GEORGIA,GEORGIANA
GEORGIANA,GEORGIA
GEORGINE,GEORGE
GERALD,GERRY
GERALD,JERRY
GERALDINE,DINA
GERALDINE,GERRIE
GERALDINE,GERRY
GERALDINE,JERRY
GERALDINE,DEANNIE
GERRIE,GERALDINE
GERRY,GERALD
GERRY,GERALDINE
GERRY,JERRY
GERT,GERTRUDE
GERT,GERTIE
GERTIE,GERTRUDE
GERTIE,GERT
GERTRUDE,GERT
GERTRUDE,GERTIE
GERTRUDE,TRUDY
GERTRUDE,GATTY
GIL,GILBERT
GILBERT,WILBER
GILBERT,BERT
GILBERT,GIL
GINA,REGINA
GINGER,VIRGINIA
GINNY,VIRGINIA
GLORIA,GLORY
GLORY,GLORIA
GREEN,GREENBERRY
GREENBERRY,GREEN
GREENBERRY,BERRY
GRETA,MARGARET
GRETCHEN,MARGARET
GRETTA,MARGARETTA
GRETTA,MARGARET
GUM,MONTGOMERY
GUM,MONTY
GUS,AUGUSTINE
GUS,AUGUSTUS
GUS,AUGUST
GUS,GUSSIE
GUSIE,AUGUSTA/AUGUSTINA
GUSSIE,AUGUSTA
GUSSIE,AUGUSTINA
GUSSIE,GUS
GWEN,GWENDOLYN
GWEN,WENDY
GWENDOLYN,GWEN
GWENDOLYN,WENDY
HAL,HAROLD
HAL,HENRY
HAL,HOWARD
HALLIE,MAHALA
HANK,HENRY
HANK,HENRIETTA
HANNAH,JOHANNAH
HANNAH,JOANNA
HANNAH,SUSAN
HANNAH,SUSANNAH
HANNAH,ANN
HANNAH,ANNA
HANNAH,ANNE
HANNAH,NAN
HANNAH,NANNY
HANS,JOHN
HAROLD,HARRY
HAROLD,HAL
HARRIET,HATTIE
HARRIET,HATTY
HARRY,HAROLD
HARRY,HENRY
HATTIE,HARRIET
HATTY,HARRIET
HEIDE,ADELAIDE
HEIDI,ADELAIDE
HELEN,AILEEN
HELEN,EILEEN
HELEN,ELAINE
HELEN,ELENA
HELEN,ELLA
HELEN,ELLIE
HELEN,ELEANOR
HELEN,ELLEN
HELEN,LENA
HELEN,NELL
HELEN,NELLIE
HELENA,ELAINE
HELENA,ELLEN
HELENA,AILEEN
HELENA,EILEEN
HELENA,ELEANOR
HELENA,LENA
HELENA,NELL
HELENA,NELLIE
HELENE,ELLA
HELENE,ELLEN
HELENE,ELLIE
HELENE,LENA
HELOISE,ELOISE
HELOISE,LOIS
HELOISE,ELOUISE
HENNY,HENRIETTA
HENRIETTA,ETTA
HENRIETTA,ETTY
HENRIETTA,HANK
HENRIETTA,HENNY
HENRIETTA,NETTIE
HENRIETTA,RETTA
HENRY,HARRY
HENRY,HAL
HENRY,HANK
HEPHSIBAH,HIPSIE
HEPSIBAH,HIPSIE
HERB,HERBERT
HERBERT,BERT
HERBERT,HERB
HERMIE,HERMIONE
HERMIONE,HERMIE
HESSY,HESTER
HESTER,ESTHER
HESTER,HESSY
HESTER,HETTY
HESTER,ESTHER HESSY
HETTY,HESTER
HETTY,MEHITABEL
HEZ,HEZEKIAH
HEZEKIAH,HEZ
HEZEKIAH,HY
HEZEKIAH,KIAH
HEZEKIAH,KY
HIEL,JEHIEL
HIPSBIBAH,HIPSIE
HIPSIE,HIPSBIBAH
HIPSIE,HEPHSIBAH
HIPSIE,HEPSIBAH
HIRAM,HY
HITTY,MEHITABEL
HOB,ROBERT
HOBKIN,ROBERT
HODGE,RODGER
HODGE,ROGER
HONEY,HONORA
HONORA,HONEY
HOP,HOPKINS
HOPKINS,HOP
HOPKINS,HOPP
HOPP,HOPKINS
HORACE,HORRY
HORACE,HORATIO
HORATIO,HORACE
HORRY,HORACE
HOWARD,HOWIE
HOWARD,HAL
HOWIE,HOWARD
HUB,HUBERT
HUBERT,BERT
HUBERT,HUB
HUBERT,HUGH
HUBERT,HUGO
HUGH,HUBERT
HUGO,HUBERT
HUMEY,POSTHUMA
HY,HEZEKIAH
HY,HIRAM
IAN,JOHN
IB,ISABEL
IB,ISABELLA
IB,ISABELLE
IGGY,IGNATIUS
IGNATIUS,IGGY
IGNATIUS,NACE
IGNATIUS,NATE
IGNATIUS,NATIUS
IKE,ISAAC
IMMANUEL,MANUEL
IMMANUEL,EMMANUEL
INA,LAVINA
INA,LAVINIA
INEZ,AGNES
IRENE,RENA
IRENE,RENNIE
IRV,IRVING
IRVIN,IRVING
IRVING,IRVIN
IRVING,IRV
IRWIN,ERWIN
ISAAC,IKE
ISAAC,ZEKE
ISABEL,BELL
ISABEL,BELLA
ISABEL,BELLE
ISABEL,IB
ISABEL,ISSY
ISABEL,NIB
ISABEL,NIBBY
ISABEL,TIBBIE
ISABELLA,BELLA
ISABELLA,BELLE
ISABELLA,IB
ISABELLA,ISSY
ISABELLA,NIB
ISABELLA,NIBBY
ISABELLA,TIBBIE
ISABELLA,SABRA
ISABELLA,SABE
ISABELLE,BELLA
ISABELLE,BELLE
ISABELLE,IB
ISABELLE,ISSY
ISABELLE,NIB
ISABELLE,NIBBY
ISABELLE,TIBBIE
ISABELLE,SABRA
ISABELLE,SABE
ISADORA,DORA
ISADORA,ISSY
ISADORE,IZZY
ISIDORE,IZZY
ISIDORE,ISSY
ISSY,ISABEL
ISSY,ISABELLA
ISSY,ISABELLE
ISSY,ISADORA
ISSY,ISIDORE
IVAN,JOHN
IZZY,ISADORE
IZZY,ISIDORE
JAAP,JACOB
JACK,JOHN
JACKIE,JACQUELINE
JACOB,JACOBUS
JACOB,JAAP
JACOB,JAKE
JACOB,JAY
JACOBUS,JACOB
JACQUELINE,JACKIE
JAKE,JACOB
JAMES,JAMIE
JAMES,JEM
JAMES,JIM
JAMES,JIMMIE
JAMES,JIMMY
JAMIE,BENJAMIN
JAMIE,JAMES
JAMIE,BEN
JAN,JANET
JAN,JANICE
JANE,JEAN
JANE,JEANNE
JANE,VIRGINIA
JANE,JESSIE
JANE,JOANNA
JANE,JANIE
JANE,JENNIE
JANE,JENNY
JANE,JANET
JANET,JEANETTE
JANET,JESSIE
JANET,JANE
JANET,JAN
JANICE,JAN
JANIE,JANE
JASPER,CASPER
JAY,JACOB
JAYHUGH,JOHN
JEAN,GENEVIEVE
JEAN,JANE
JEAN,JEANETTE
JEAN,JOANNA
JEAN,JOHN
JEAN,JEANNIE
JEAN,JENNIE
JEANETTE,JANET
JEANETTE,JEAN
JEANETTE,JESSIE
JEANETTE,NETTIE
JEANETTE,JEANNE
JEANNE,JEANETTE
JEANNE,JANE
JEANNE,JEANNIE
JEANNIE,JEAN
JEANNIE,JEANNE
JEB,JEBADIAH
JEBADIAH,JEB
JED,JEDIDIAH
JED,JEDEDIAH
JEDEDIAH,DYER
JEDEDIAH,JED
JEDEDIAH,DIAH
JEDIDIAH,JED
JEFF,GEOFFREY
JEFF,JEFFERSON
JEFF,JEFFREY
JEFF,GEOFF
JEFFERSON,JEFF
JEFFERSON,SONNY
JEFFREY,GEOFFREY
JEFFREY,GEOFF
JEFFREY,JEFF
JEHIEL,HIEL
JEHU,JOHN
JEM,JAMES
JEMIMA,MIMA
JEMIMA,MIMI
JEMIMA,JEMMA
JEMMA,JEMIMA
JEN,JENNIFER
JENNI,JENNIFER
JENNIE,JENNIFER
JENNIE,JANE
JENNIE,VIRGINIA
JENNIE,JEAN
JENNIFER,JENNIE
JENNIFER,JENNY
JENNIFER,JENNI
JENNIFER,JEN
JENNY,JENNIFER
JENNY,GENEVIEVE
JENNY,JANE
JEREME,JEREMIAH
JEREME,JERRY
JEREMIAH,JEREME
JEREMIAH,JERRY
JEREMIAH,JEREMY
JEREMY,JEREMIAH
JERRY,GERALD
JERRY,GERALDINE
JERRY,JEREMIAH
JERRY,GERRY
JERRY,JEREME
JESSE,JESSICA
JESSICA,JESSIE
JESSICA,JESSE
JESSIE,JESSICA
JESSIE,JANE
JESSIE,JANET
JESSIE,JEANETTE
JILL,JULIA
JIM,JAMES
JIM,JIMMIE
JIMMIE,JAMES
JIMMIE,JIM
JIMMY,JAMES
JINSEY,GENEVIEVE
JO,JOAN
JO,JOANN
JO,JOANNA
JO,JOANNE
JO,JOHANNA
JO,JOHANNAH
JO,JOSOPHINE
JO,JOSEPHINE
JO,JODY
JOAN,JOANNA
JOAN,JOHANNAH
JOAN,JO
JOAN,NONIE
JOANN,JO
JOANNA,JEAN
JOANNA,JANE
JOANNA,HANNAH
JOANNA,JO
JOANNA,JOAN
JOANNA,JODY
JOANNA,JOHANNA
JOANNE,JO
JOCK,JOHN
JODY,JOSEPH
JODY,JOANNA
JODY,JOHANNAH
JODY,JOSEPHINE
JODY,JO
JOE,JOSEPH
JOE,JOSHUA
JOE,JOEY
JOEY,JOSEPH
JOEY,JOSOPHINE
JOEY,JOSEPHINE
JOEY,JOE
JOHANN,JOHN
JOHANNA,JOANNA
JOHANNA,JO
JOHANNAH,HANNAH
JOHANNAH,JO
JOHANNAH,JOAN
JOHANNAH,JODY
JOHANNAH,NONIE
JOHANNES,JONATHAN
JOHANNES,JOHN JOHNNY
JOHN,JOHANN
JOHN,JONATHAN
JOHN,JON
JOHN,IAN
JOHN,IVAN
JOHN,JACK
JOHN,JOCK
JOHN,JOHNNY
JOHN,HANS
JOHN,JAYHUGH
JOHN,JEAN
JOHN,JEHU
JOHN JOHNNY,JOHANNES
JOHNNY,JOHN
JON,JONATHAN
JON,JOHN
JON,NATHAN
JONATHAN,JOHANNES
JONATHAN,NATHANIEL
JONATHAN,JOHN
JONATHAN,JON
JONATHAN,NATHAN
JONATHAN,NAT
JORGE,GEORGE
JOS,JOSEPH
JOS,JOSHUA
JOS,JOSIAH
JOSEPH,JODY
JOSEPH,JOE
JOSEPH,JOEY
JOSEPH,JOS
JOSEPHINE,PHENEY
JOSEPHINE,FINA
JOSEPHINE,JO
JOSEPHINE,JODY
JOSEPHINE,JOEY
JOSEPHINE,JOSEY
JOSEY,JOSOPHINE
JOSEY,JOSEPHINE
JOSH,JOSHUA
JOSHUA,JOE
JOSHUA,JOS
JOSHUA,JOSH
JOSIAH,JOS
JOSOPHINE,JO
JOSOPHINE,JOEY
JOSOPHINE,JOSEY
JOY,JOYCE
JOYCE,JOY
JR,JUNIOR
JUANITA,NETTIE
JUANITA,NITA
JUD,JUDSON
JUDIE,JUDITH
JUDITH,JUDY
JUDITH,JUDIE
JUDSON,JUD
JUDSON,SONNY
JUDY,JUDITH
JULE,JULIAN
JULE,JULIAS
JULE,JULIE
JULIA,JILL
JULIA,JULIE
JULIA,JULIET
JULIAN,JULE
JULIAS,JULE
JULIE,JULIA
JULIE,JULE
JULIET,JULIA
JUNE,JUNIOR
JUNIE,JUNIOR
JUNIOR,JR
JUNIOR,JUNE
JUNIOR,JUNIE
JUSTI,JUSTIN
JUSTIE,JUSTIN
JUSTIN,JUSTI
JUSTIN,JUSTIE
JUSTIN,JUSTY
JUSTIN,JUSTUS
JUSTUS,JUSTIN
JUSTY,JUSTIN
K.C.,CASEY
K.C.,KASEY
KAREN,CATHERINE
KAREN,KATHLEEN
KAREN,KATHERINE
KAREN,CATHLEEN
KARL,CARL
KASEY,K.C.
KATE,KATELIN
KATE,KATELYN
KATE,KATHERINE
KATE,KATHLEEN
KATE,KAY
KATELIN,KATE
KATELIN,KAY
KATELIN,KAYE
KATELYN,KATE
KATELYN,KAY
KATELYN,KAYE
KATHERINE,CASSIE
KATHERINE,CATHY
KATHERINE,KATE
KATHERINE,KATHY
KATHERINE,KATY
KATHERINE,KAY
KATHERINE,KAYE
KATHERINE,KIT
KATHERINE,KITTIE
KATHERINE,LENA
KATHERINE,TRINA
KATHERINE,KAREN
KATHERINE,KATIE
KATHERINE,KATTY
KATHLEEN,CASSIE
KATHLEEN,CATHY
KATHLEEN,KATHY
KATHLEEN,KATY
KATHLEEN,KAY
KATHLEEN,KIT
KATHLEEN,KITTIE
KATHLEEN,LENA
KATHLEEN,TRINA
KATHLEEN,KAREN
KATHLEEN,KATIE
KATHLEEN,KATTY
KATHLEEN,KATE
KATHRYN,KATHY
KATHY,KATHERINE
KATHY,KATHLEEN
KATHY,KATHRYN
KATHY,CATHERINE
KATHY,CATHLEEN
KATHY,CATHY
KATHY,KATY
KATIE,CATHERINE
KATIE,KATHLEEN
KATIE,KATHERINE
KATIE,CATHLEEN
KATTY,KATHERINE
KATTY,KATHLEEN
KATY,KATHERINE
KATY,KATHLEEN
KATY,CATHERINE
KATY,CATHLEEN
KATY,KATHY
KAY,KATELIN
KAY,KATELYN
KAY,KATHERINE
KAY,CATHERINE
KAY,CATHLEEN
KAY,KATHLEEN
KAY,KATE
KAYE,KATELIN
KAYE,KATELYN
KAYE,KATHERINE
KEN,KENNETH
KEN,KENDALL
KEN,KENT
KEN,KENNY
KEN,KENDRICK
KENDALL,KEN
KENDALL,KENNY
KENDRICK,KENNETH
KENDRICK,KENT
KENDRICK,KEN
KENDRICK,KENNY
KENNETH,KEN
KENNETH,KENDRICK
KENNETH,KENNY
KENNY,KENNETH
KENNY,KENDALL
KENNY,KENT
KENNY,KENDRICK
KENNY,KEN
KENT,KEN
KENT,KENDRICK
KENT,KENNY
KEZIAH,KIZZA
KEZIAH,KIZZIE
KIAH,HEZEKIAH
KIM,KIMBERLEY
KIM,KIMBERLY
KIMBERLEY,KIM
KIMBERLY,KIM
KING,KINGSLEY
KING,KINGSTON
KINGSLEY,KING
KINGSTON,KING
KIT,CATHERINE
KIT,CATHLEEN
KIT,CHRISTIAN
KIT,CHRISTOPHER
KIT,KATHERINE
KIT,KATHLEEN
KIT,KITTIE
KITTIE,CATHERINE
KITTIE,CATHLEEN
KITTIE,KATHERINE
KITTIE,KATHLEEN
KITTIE,KIT
KIZZA,KEZIAH
KIZZIE,KEZIAH
KRIS,CHRISTIANA
KRIS,CHRISTINA
KRIS,CHRISTINE
KRIS,KRISTINE
KRIS,CHRIS
KRISTEN,CHRIS
KRISTIN,CHRIS
KRISTINE,CHRIS
KRISTINE,CHRISTY
KRISTINE,CRISSY
KRISTINE,KRIS
KRISTINE,KRISTY
KRISTINE,TINA
KRISTY,CHRISTIANA
KRISTY,CHRISTINA
KRISTY,CHRISTINE
KRISTY,KRISTINE
KRISTY,CHRIS
KY,HEZEKIAH
L.R.,LEROY
LAFAYETTE,FATE
LAFAYETTE,LAFFIE
LAFFIE,LAFAYETTE
LAMONT,MONTY
LANNA,ELEANOR
LANNY,ROLAND
LANSON,ALANSON
LARRY,LAURENCE
LARRY,LAWRENCE
LARS,LAWRENCE
LATISHA,TISH
LATISHA,TISHA
LAURA,LORETTA
LAURA,LORINDA
LAURA,LAURINDA
LAURENCE,LAWRENCE
LAURENCE,LARRY
LAURENCE,LON
LAURENCE,LONNY
LAURENCE,LORNE
LAURENCE,LORRY
LAURINDA,LAURA
LAVERNE,VERNA
LAVINA,INA
LAVINA,VINA
LAVINA,VINEY
LAVINIA,INA
LAVINIA,VINA
LAVINIA,VINEY
LAWRENCE,LARRY
LAWRENCE,LON
LAWRENCE,LONNY
LAWRENCE,LORNE
LAWRENCE,LORRY
LAWRENCE,LARS
LAWRENCE,LAURENCE
LAZAR,ELEAZER
LEAFA,RELIEF
LECURGUS,CURG
LEE,ELIAS
LEE,LENORA
LEE,LEROY
LEE,LEVI
LEE,SHIRLEY
LEET,PHILETUS
LEFT,ELIPHALET
LEM,LEMUEL
LEMUEL,LEM
LEN,LEONARD
LENA,AILEEN
LENA,ARLENE
LENA,CATHLEEN
LENA,DARLENE
LENA,KATHLEEN
LENA,MAGDELINA
LENA,ADALINE
LENA,ADELINE
LENA,CATHERINE
LENA,EVALINE
LENA,HELEN
LENA,HELENE
LENA,KATHERINE
LENA,MADELINE
LENA,HELENA
LENA,ELLEN
LENNY,LEONARD
LENORA,ELEANOR
LENORA,LEE
LENORA,NORA
LEO,LEONARD
LEO,LEON
LEON,LEONARD
LEON,NAPOLEON
LEON,LEO
LEON,LEONIDAS
LEON,LIONEL
LEONARD,LEN
LEONARD,LENNY
LEONARD,LEO
LEONARD,LEON
LEONARD,LINEAU
LEONIDAS,LEON
LEONORA,ELEANOR
LEONORA,NORA
LEONORA,ELENOR
LEONORE,NORA
LEONORE,ELENOR
LEROY,L.R.
LEROY,LEE
LEROY,ROY
LES,LESTER
LES,LESLIE
LESLIE,LES
LESLIE,LESTER
LESTER,LESLIE
LESTER,LES
LETITIA,LETTICE
LETITIA,LETTIE
LETITIA,TISH
LETITIA,TITIA
LETTICE,LETITIA
LETTIE,LETITIA
LETTY,CHARLOTTE
LEVI,LEE
LEWIS,LOUIS
LIAS,ELIAS
LIB,ELIZABETH
LIB,LIBBY
LIBBY,ELIZABETH
LIBBY,LIB
LIDIA,LYDDY
LIGE,ELIJAH
LIL,LILLAH
LIL,LILLIAN
LIL,DELILAH
LIL,LILLY
LIL,LILY
LILA,DELILAH
LILLAH,LIL
LILLAH,LILLY
LILLAH,LILY
LILLAH,LOLLY
LILLIAN,LIL
LILLIAN,LILLY
LILLIAN,LOLLY
LILLIAN,LINA
LILLY,LILLIAN
LILLY,LILLAH
LILLY,LIL
LILLY,LILY
LILY,LILLAH
LILY,LIL
LILY,LILLY
LINA,PAULA
LINA,PAULINA
LINA,LILLIAN
LINCOLN,LINK
LINDA,BELINDA
LINDA,MELINDA
LINDA,PHILINDA
LINDA,ROSALINDA
LINDA,ROSALYN
LINDA,LINDY
LINDA,LYNN
LINDY,LINDA
LINDY,LYNDON
LINDY,MELINDA
LINDY,PHILINDA
LINDY,LYNN
LINEAU,LEONARD
LINK,LINCOLN
LIONEL,LEON
LISA,MELISSA
LISA,ALICE
LISA,ALICIA
LISA,ELIZABETH
LISA,LIZ
LISA,LIZZIE
LISH,ELISHA
LISH,ELIZA
LISSA,MELISSA
LITTLE,LITTLEBERRY
LITTLEBERRY,LITTLE
LITTLEBERRY,BERRY
LIVIA,OLIVE
LIVIA,OLIVIA
LIZ,ELIZABETH
LIZ,LISA
LIZ,LIZZIE
LIZ,ELIZA
LIZA,ELIZABETH
LIZABETH,ELIZABETH
LIZZIE,ELIZABETH
LIZZIE,LISA
LIZZIE,LIZ
LODI,MELODY
LOIS,LOUISE
LOIS,HELOISE
LOIS,LOUISA
LOIS,LOU
LOLA,DELORES
LOLLY,DELORES
LOLLY,LILLAH
LOLLY,LILLIAN
LON,ALONZO
LON,LAURENCE
LON,LAWRENCE
LON,ZEBULON
LON,LONZO
LONNY,LAURENCE
LONNY,LAWRENCE
LONZO,ALONZO
LONZO,LON
LOREN,LORENZO
LORENZO,LOREN
LORETTA,ETTA
LORETTA,LORIE
LORETTA,LORRIE
LORETTA,RETTA
LORETTA,LAURA
LORIE,LORETTA
LORIE,LORRAINE
LORINDA,LAURA
LORNE,LAURENCE
LORNE,LAWRENCE
LORRAINE,LORIE
LORRAINE,LORRIE
LORRIE,LORETTA
LORRIE,LORRAINE
LORRY,LAURENCE
LORRY,LAWRENCE
LOTTA,CHARLOTTE
LOTTA,LOTTIE
LOTTA,CHARLOTTA
LOTTIE,CHARLOTTE
LOTTIE,LOTTA
LOTTIE,CARLOTTA
LOTTY,CHARLOTTA
LOTTY,CHARLOTTE
LOU,LOUIS
LOU,LOUISE
LOU,LUCINDA
LOU,LOUISA
LOU,LUCILLE
LOU,LOIS
LOU,LU
LOUIE,LOUIS
LOUIS,LOU
LOUIS,LOUIE
LOUIS,LEWIS
LOUISA,ELIZA
LOUISA,LOIS
LOUISA,LOU
LOUISE,ELOUISE
LOUISE,LOIS
LOUISE,ELOISE
LOUISE,ELIZA
LOUISE,LOU
LOUISE,LULU
LU,LUCILLE
LU,LUCINDA
LU,LUELLA
LU,LOU
LUCAS,LUCIAS
LUCAS,LUKE
LUCIA,LUCY
LUCIAS,LUKE
LUCIAS,LUCAS
LUCILLE,CILLE
LUCILLE,LOU
LUCILLE,LU
LUCILLE,LUCY
LUCILLE,CEALL
LUCINDA,CINDY
LUCINDA,LOU
LUCINDA,LU
LUCINDA,LUCY
LUCY,LUCINDA
LUCY,LUCILLE
LUCY,LUCIA
LUELLA,ELLA
LUELLA,ELLIE
LUELLA,LU
LUELLA,LULA
LUKE,LUCAS
LUKE,LUCIAS
LUKE,LUTHER
LULA,LUELLA
LULU,LOUISE
LUM,COLUMBUS
LURA,LURANA
LURANA,LURA
LUTHER,LUKE
LYDDY,LIDIA
LYDDY,LYDIA
LYDIA,LYDDY
LYNDON,LINDY
LYNDON,LYNN
LYNN,CAROLINE
LYNN,CAROLYN
LYNN,CAROL
LYNN,LINDA
LYNN,LYNDON
LYNN,MELINDA
LYNN,PHILINDA
LYNN,LINDY
MABEL,MEHITABEL
MADDIE,MADELINE
MADDY,MADELINE
MADDY,MADELYN
MADDY,MADGE
MADELINE,LENA
MADELINE,MADDY
MADELINE,MADGE
MADELINE,MADIE
MADELINE,MAGDA
MADELINE,MAGGIE
MADELINE,MAUD
MADELINE,MADDIE
MADELINE,MIDDY
MADELYN,MADDY
MADELYN,MADIE
MADGE,MAGDELINA
MADGE,MARGARETTA
MADGE,MADELINE
MADGE,MARGARET
MADGE,MADDY
MADIE,MADELINE
MADIE,MADELYN
MAE,MARY
MAE,MAY
MAGDA,MADELINE
MAGDA,MAGDELINA
MAGDELINA,LENA
MAGDELINA,MADGE
MAGDELINA,MAGDA
MAGDELINA,MAGGIE
MAGGIE,MADELINE
MAGGIE,MAGDELINA
MAGGIE,MARGARET
MAGGIE,MARGARETTA
MAGGY,MARGARET
MAHALA,HALLIE
MAISIE,MARGARET
MAMIE,MARY
MANDA,AMANDA
MANDA,MANDY
MANDY,AMANDA
MANDY,MIRANDA
MANDY,MANDA
MANERVA,NERVA
MANERVA,NERVIE
MANERVA,MINERVA
MANNY,EMANUEL
MANNY,MANUEL
MANUEL,EMANUEL
MANUEL,MANNY
MANUEL,IMMANUEL
MARCUS,MARK
MARGARET,DAISY
MARGARET,GRETCHEN
MARGARET,GRETTA
MARGARET,MADGE
MARGARET,MAGGIE
MARGARET,MAGGY
MARGARET,MARGE
MARGARET,MARGERY
MARGARET,MARGIE
MARGARET,MARGY
MARGARET,MEG
MARGARET,MIDGE
MARGARET,PEG
MARGARET,PEGGY
MARGARET,RITA
MARGARET,PEGGIE
MARGARET,GRETA
MARGARET,MAISIE
MARGARET,MARGO
MARGARET,MEGAN
MARGARETTA,DAISY
MARGARETTA,GRETTA
MARGARETTA,MADGE
MARGARETTA,MAGGIE
MARGARETTA,MARGE
MARGARETTA,MARGERY
MARGARETTA,MARGIE
MARGARETTA,MEG
MARGARETTA,MIDGE
MARGARETTA,PEG
MARGARETTA,PEGGY
MARGARETTA,RITA
MARGARITA,RITA
MARGE,MARGARET
MARGE,MARGARETTA
MARGE,MARJORIE
MARGE,MARGERY
MARGERY,MARGARET
MARGERY,MARGARETTA
MARGERY,MARGE
MARGIE,MARGARET
MARGIE,MARJORIE
MARGIE,MARGARETTA
MARGIE,MARGIE
MARGO,MARGARET
MARGY,MARGARET
MARGY,MARJORIE
MARIA,MARIAH
MARIA,MARY
MARIAH,MARY
MARIAH,MARIA
MARIAN,MARIANNA
MARIANNA,MARIAN
MARIE,MARY
MARIETTA,MARY
MARILYN,MARY
MARION,MARY
MARIS,DEMERIAS
MARJORIE,MARGIE
MARJORIE,MARGY
MARJORIE,MARGE
MARK,MARCUS
MARTHA,MARTY
MARTHA,MAT
MARTHA,MATTIE
MARTHA,PATSY
MARTHA,PATTY
MARTIN,MARTY
MARTINA,TINA
MARTY,MARTIN
MARTY,MARTHA
MARV,MARVIN
MARVIN,MARV
MARVIN,MERV
MARVIN,MERVYN
MARY,MARIAH
MARY,MARILYN
MARY,MAUREEN
MARY,MIRIAM
MARY,MITZI
MARY,MAE
MARY,MAMIE
MARY,MOLLY
MARY,POLLY
MARY,MARIETTA
MARY,MARION
MARY,MAY
MARY,MARIA
MARY,MARIE
MAT,MARTHA
MAT,MATILDA
MAT,MATTIE
MATHEW,MATT
MATILDA,MATTY
MATILDA,MAUD
MATILDA,TILLA
MATILDA,TILLY
MATILDA,MAT
MATILDA,TILDA
MATILDA,TILLIE
MATT,MATHEW
MATT,MATTHEW
MATT,MATTHIAS
MATTHEW,MATT
MATTHEW,MATTIE
MATTHEW,MATTY
MATTHEW,THIAS
MATTHEW,THYS
MATTHEW,MATTHIAS
MATTHIAS,MATTHEW
MATTHIAS,MATT
MATTHIAS,THIAS
MATTHIAS,THYS
MATTIE,MARTHA
MATTIE,MATTHEW
MATTIE,MAT
MATTY,MATILDA
MATTY,MATTHEW
MAUD,MADELINE
MAUD,MATILDA
MAUREEN,MARY
MAURICE,MOREY
MAURICE,MORRIS
MAURICE,MAURY
MAURY,MAURICE
MAX,MAXINE
MAXINE,MAX
MAY,MARY
MAY,MAE
MEDORA,DORA
MEES,BARTHOLOMEW
MEG,MARGARET
MEG,MARGARETTA
MEG,MEGAN
MEGAN,MARGARET
MEGAN,MEG
MEHITABEL,MABEL
MEHITABEL,HETTY
MEHITABEL,HITTY
MEHITABEL,MITTY
MEL,MELINDA
MEL,MELISSA
MEL,AMELIA
MEL,EMILY
MELCHIZEDEK,ZADOCK
MELCHIZEDEK,DICK
MELIA,PARMELIA
MELIA,AMELIA
MELINDA,LINDA
MELINDA,LINDY
MELINDA,LYNN
MELINDA,MEL
MELINDA,MINDY
MELISSA,LISA
MELISSA,LISSA
MELISSA,MEL
MELISSA,MILLY
MELISSA,MISSY
MELODY,LODI
MELVINA,VINA
MENA,ALMENA
MENA,ARMENA
MERCEDES,MERCI/MERCY
MERCI/MERCY,MERCEDES
MERT/MYRT,MYRTLE
MERV,MERVIN
MERV,MERVYN
MERV,MARVIN
MERVIN,MERV
MERVYN,MARVIN
MERVYN,MERV
MEUS,BARTHOLOMEW
MICAH,MICHAEL
MICHAEL,MITCHELL
MICHAEL,MICAH
MICHAEL,MICK
MICHAEL,MICKEY
MICHAEL,MICKY
MICHAEL,MIKE
MICHELLE,MICKEY
MICHELLE,SHELLY
MICK,MICHAEL
MICK,MIKE
MICK,MICKY
MICKEY,MICHAEL
MICKEY,MICHELLE
MICKY,MICHAEL
MICKY,MICK
MICKY,MIKE
MIDDY,MADELINE
MIDGE,MARGARET
MIDGE,MARGARETTA
MIKE,MICHAEL
MIKE,MICK
MIKE,MICKY
MILDRED,MILLY
MILLICENT,MILLY
MILLICENT,MISSY
MILLIE,AMELIA
MILLIE,CAMILLE
MILLIE,EMILY
MILLIE,EMELINE
MILLY,EMELINE
MILLY,MELISSA
MILLY,MILDRED
MILLY,MILLICENT
MILLY,PARMELIA
MILLY,ARMILDA
MIMA,JEMIMA
MIMI,MIRIAM
MIMI,JEMIMA
MINA,WILHELMINA
MINA,MINERVA
MINDY,MELINDA
MINERVA,MANERVA
MINERVA,MINNIE
MINERVA,MINA
MINERVA,NERVA
MINERVA,NERVIE
MINNIE,WILHELMINA
MINNIE,MINERVA
MIRA,ELMIRA
MIRA,MIRANDA
MIRANDA,MANDY
MIRANDA,MIRA
MIRANDA,RANDY
MIRIAM,MIMI
MIRIAM,MITZI
MIRIAM,MARY
MISSY,MELISSA
MISSY,MILLICENT
MITCH,MITCHELL
MITCHELL,MICHAEL
MITCHELL,MITCH
MITTY,MEHITABEL
MITTY,SUBMIT
MITZI,MARY
MITZI,MIRIAM
MOLLY,MARY
MONA,RAMONA
MONTGOMERY,GUM
MONTGOMERY,MONTY
MONTY,LAMONT
MONTY,MONTGOMERY
MONTY,GUM
MOREY,MAURICE
MOREY,MORRIS
MOREY,SEYMOUR
MORRIS,MAURICE
MORRIS,MOREY
MORT,MORTIMER
MORTIMER,MORT
MOSE,MOSES
MOSES,MOSS
MOSES,MOSE
MOSS,MOSES
MUR,MURIEL
MURIEL,MUR
MYRA,ALMIRA
MYRTLE,MERT/MYRT
NABBY,ABIGAIL
NACE,IGNATIUS
NADA,NADINE
NADINE,NADA
NALDO,REGINALD
NALDO,RONALD
NAN,ANN
NAN,ANNE
NAN,HANNAH
NAN,NANCY
NAN,ANN/ANNA
NANA,ANN
NANA,ANNE
NANA,ANN/ANNA
NANCY,ANN
NANCY,ANNE
NANCY,ANN/ANNA
NANCY,NAN
NANCY,NANNY
NANCY,NANNIE
NANCY,AGNES
NANNIE,NANCY
NANNY,ANN
NANNY,ANNE
NANNY,HANNAH
NANNY,NANCY
NANNY,ANN/ANNA
NAP,NAPOLEON
NAPOLEON,LEON
NAPOLEON,NAP
NAPOLEON,NAPPY
NAPPY,NAPOLEON
NAT,NATHANIEL
NAT,NATHAN
NAT,NATALIE
NAT,JONATHAN
NATALIE,NATTY
NATALIE,NETTIE
NATALIE,NAT
NATE,NATHAN
NATE,NATHANIEL
NATE,IGNATIUS
NATHAN,JONATHAN
NATHAN,JON
NATHAN,NATHANIEL
NATHAN,NAT
NATHAN,NATE
NATHANIEL,NAT
NATHANIEL,NATE
NATHANIEL,NATHAN
NATHANIEL,NATTY
NATHANIEL,THAN
NATHANIEL,JONATHAN
NATIUS,IGNATIUS
NATTY,ASENATH
NATTY,NATALIE
NATTY,NATHANIEL
NED,EDMUND
NED,EDWARD
NED,EDWIN
NEIL,CORNELIUS
NELIA,CORNELIA
NELL,ELEANOR
NELL,HELEN
NELL,HELENA
NELLE,CORNELIA
NELLE,NELLY
NELLIE,ELEANOR
NELLIE,HELEN
NELLIE,HELENA
NELLY,CORNELIA
NELLY,ELEANOR
NELLY,NELLE
NELS,NELSON
NELSON,NELS
NEPPIE,PENELOPE
NERVA,MANERVA
NERVA,MINERVA
NERVIE,MANERVA
NERVIE,MINERVA
NESSA,AGNES
NESSA,VANESSA
NESSIE,AGNES
NETTA,ANTOINETTE
NETTA,ANTONIA
NETTIE,HENRIETTA
NETTIE,JEANETTE
NETTIE,JUANITA
NETTIE,NATALIE
NETTIE,ANTOINETTE
NETTIE,ANTONIA
NEWT,NEWTON
NEWTON,NEWT
NIB,ISABEL
NIB,ISABELLA
NIB,ISABELLE
NIBBY,ISABEL
NIBBY,ISABELLA
NIBBY,ISABELLE
NICEY,VERNISEE
NICHOLAS,CLAAS
NICHOLAS,CLAES
NICHOLAS,NICK
NICHOLAS,NICKIE
NICHOLAS,NICKY
NICK,NICHOLAS
NICK,NIK
NICK,DOMINIC
NICK,NICODEMUS
NICKIE,NICHOLAS
NICKY,NICHOLAS
NICODEMUS,NICK
NIEL,CORNELIUS
NIK,NICK
NITA,JUANITA
NOEL,NOWELL
NOLLIE,OLIVE
NOLLIE,OLIVIA
NONIE,JOAN
NONIE,JOHANNAH
NORA,ELEANOR
NORA,LENORA
NORA,LEONORE
NORA,LEONORA
NORBERT,BERT
NORBERT,NORBY
NORBY,NORBERT
NOWELL,NOEL
OBADIAH,DIAH
OBADIAH,DYER
OBADIAH,OBED
OBADIAH,OBIE
OBADIAH,OBE
OBE,OBADIAH
OBED,OBADIAH
OBED,OBEDIENCE
OBEDIAH,OBIE
OBEDIENCE,OBED
OBEDIENCE,BIDDIE
OBIE,OBEDIAH
OBIE,OBADIAH
OCTAVIA,TAVIA
ODELL,ODO
ODO,ODELL
OLIVE,OLIVIA
OLIVE,LIVIA
OLIVE,NOLLIE
OLIVE,OLLIE
OLIVER,OLLIE
OLIVIA,LIVIA
OLIVIA,NOLLIE
OLIVIA,OLLIE
OLIVIA,OLIVE
OLLIE,OLIVER
OLLIE,OLIVE
OLLIE,OLIVIA
OLPH,RUDOLPH
OLPH,RUDOLPHUS
OPHI,THEOPHILUS
ORA,AURELIA
ORLANDO,ROLAND
ORPHELIA,PHELIA
OSSY,OSWALD
OSSY,WALDO
OSSY,OZZY
OSWALD,WALDO
OSWALD,OSSY
OSWALD,OZZY
OTE,ARTHUR
OTE,OTIS
OTIS,OTE
OZZY,OSWALD
OZZY,WALDO
OZZY,OSSY
PADDY,PATRICK
PAM,PAMELA
PAMELA,PAM
PARMELIA,AMELIA
PARMELIA,MELIA
PARMELIA,MILLY
PAT,PATRICIA
PAT,PATRICK
PAT,PATIENCE
PAT,PAT
PATE,PATRICK
PATE,PETER
PATIENCE,PAT
PATIENCE,PATTY
PATRICIA,PATRICK
PATRICIA,PAT
PATRICIA,PATSY
PATRICIA,PATTY
PATRICIA,TRICIA
PATRICIA,TRISHA
PATRICIA,TRIXIE
PATRICK,PADDY
PATRICK,PAT
PATRICK,PATE
PATRICK,PATSY
PATRICK,PETER
PATRICK,PATRICIA
PATSY,PATRICIA
PATSY,MARTHA
PATSY,PATRICK
PATSY,PATTY
PATTY,PATRICIA
PATTY,MARTHA
PATTY,PATIENCE
PATTY,PATSY
PAULA,LINA
PAULA,POLLY
PAULINA,LINA
PAULINA,POLLY
PEG,MARGARET
PEG,MARGARETTA
PEG,PEGGY
PEGGIE,MARGARET
PEGGY,MARGARET
PEGGY,MARGARETTA
PEGGY,PEG
PELEGRINE,PERRY
PENELOPE,PENNY
PENELOPE,NEPPIE
PENNY,PENELOPE
PERCE,PERCIVAL
PERCIVAL,PERCY
PERCIVAL,PERCE
PERCY,PERCIVAL
PERRY,PELEGRINE
PETE,PETER
PETER,PATRICK
PETER,PATE
PETER,PETE
PHELIA,ORPHELIA
PHENA,TRYPHENA
PHENEY,JOSEPHINE
PHIL,PHILIP
PHIL,PHILLIP
PHIL,PHILETUS
PHILADELPHIA,DELPHA
PHILADELPHIA,DELPHIA
PHILETUS,LEET
PHILETUS,PHIL
PHILINDA,LINDA
PHILINDA,LINDY
PHILINDA,LYNN
PHILIP,PHIL
PHILLIP,PHIL
PHILLY,ADELPHIA
PHILLY,DELPHIA
POCAHONTAS,POKEY
POKEY,POCAHONTAS
POLLY,PAULINA
POLLY,MARY
POLLY,PAULA
POSTHUMA,HUMEY
PRES,PRESCOTT
PRESCOTT,PRES
PRESCOTT,SCOTT
PRESCOTT,SCOTTY
PRISCILLA,CILLA
PRISCILLA,CISSY
PRISCILLA,PRISSY
PRISSY,PRISCILLA
PRUDENCE,PRUDY
PRUDENCE,PRUE
PRUDY,PRUDENCE
PRUE,PRUDENCE
RACHEL,SHELLY
RACHEL,RAY
RACHEL,RAE
RAE,RACHEL
RAFA,RAFAELA
RAFAELA,RAFA
RAFE,RALPH
RAFF,RAPHAEL
RALPH,RAPHAEL
RALPH,RAFE
RAMONA,MONA
RANDALL,RANDOLPH
RANDOLPH,DOLPH
RANDOLPH,RANDY
RANDOLPH,RANDALL
RANDY,RANDOLPH
RANDY,MIRANDA
RAPHAEL,RALPH
RAPHAEL,RAFF
RAY,RAYMOND
RAY,RACHEL
RAYMOND,RAY
REBA,REBECCA
REBA,BECCA
REBA,BECK
REBECCA,BECCA
REBECCA,BECK
REBECCA,BECKY
REBECCA,REBA
REG,REGINALD
REG,REGGIE
REGGIE,REGINALD
REGGIE,REGINA
REGGIE,REG
REGINA,GINA
REGINA,REGGIE
REGINALD,REYNOLD
REGINALD,NALDO
REGINALD,REG
REGINALD,REGGIE
REGINALD,RENNY
RELIEF,LEAFA
RENA,IRENE
RENA,SERENA
RENIUS,CYRENIUS
RENNIE,IRENE
RENNY,REGINALD
RETTA,HENRIETTA
RETTA,LORETTA
REUBEN,RUBE
REYNOLD,REGINALD
RHODA,RODIE
RIAH,AZARIAH
RIAH,URIAH
RICARDO,RICK
RICARDO,RICKY
RICH,ALDRICH
RICH,RICHARD
RICH,RICKY
RICH,DICK
RICH,RICHE
RICH,RICK
RICHARD,DICK
RICHARD,DICKIE
RICHARD,DICKON
RICHARD,DICKY
RICHARD,RICH
RICHARD,RICHIE
RICHARD,RICK
RICHARD,RICKY
RICHE,ALDRICH
RICHE,RICH
RICHIE,ALDRICH
RICHIE,RICHARD
RICK,DERICK
RICK,RICARDO
RICK,RICHARD
RICK,BRODERICK
RICK,CEDRIC
RICK,DERRICK
RICK,ERIC
RICK,DICK
RICK,RICH
RICK,RICKY
RICKA,FREDERICKA
RICKY,BRODERICK
RICKY,DERICK
RICKY,RICHARD
RICKY,CEDRIC
RICKY,DERRICK
RICKY,ERIC
RICKY,RICARDO
RICKY,RICK
RICKY,DICK
RICKY,RICH
RILLA,AVARILLA
RITA,MARGARET
RITA,MARGARETTA
RITA,MARGARITA
ROB,ROBERT
ROB,ROBERTO
ROB,BOB
ROB,BOBBY
ROBBIE,ROBERTA
ROBBY,ROBERT
ROBBY,RODGER
ROBBY,ROGER
ROBERT,BILL
ROBERT,BILLY
ROBERT,BOB
ROBERT,BOBBY
ROBERT,DOB
ROBERT,DOBBIN
ROBERT,HOB
ROBERT,HOBKIN
ROBERT,ROB
ROBERT,ROBBY
ROBERT,ROBIN
ROBERT,RUPERT
ROBERTA,BERT
ROBERTA,BERTIE
ROBERTA,BIRDIE
ROBERTA,BIRTIE
ROBERTA,BOBBIE
ROBERTA,ROBBIE
ROBERTA,ROD
ROBERTO,ROB
ROBIN,RODGER
ROBIN,ROGER
ROBIN,ROBERT
ROD,BRODERICK
ROD,RODGER
ROD,ROGER
ROD,ROBERTA
RODGER,BOBBY
RODGER,HODGE
RODGER,ROBBY
RODGER,ROBIN
RODGER,ROD
RODGER,ROGE
RODGER,RUPERT
RODIE,RHODA
ROGE,RODGER
ROGE,ROGER
ROGER,BOBBY
ROGER,HODGE
ROGER,ROBBY
ROGER,ROBIN
ROGER,ROD
ROGER,ROGE
ROGER,RUPERT
ROLAND,ORLANDO
ROLAND,LANNY
ROLAND,ROLLO
ROLAND,ROLLY
ROLAND,ROWLAND
ROLF,RUDOLPH
ROLF,RUDOLPHUS
ROLLO,ROLAND
ROLLO,RUDOLPH
ROLLY,ROLAND
RON,AARON
RON,RONALD
RON,VERONICA
RON,CAMERON
RON,RONNIE
RON,RONNY
RONALD,NALDO
RONALD,RON
RONALD,RONNIE
RONALD,RONNY
RONIE,VERONICA
RONNA,VERONICA
RONNIE,AARON
RONNIE,RONALD
RONNIE,VERONICA
RONNIE,RON
RONNY,RONALD
RONNY,VERONICA
RONNY,CAMERON
RONNY,RON
ROSA,ROSABEL
ROSA,ROSABELLA
ROSA,ROSALINDA
ROSA,ROSALYN
ROSA,ROSE
ROSABEL,BELLE
ROSABEL,ROSA
ROSABEL,ROSE
ROSABEL,ROZ
ROSABELLA,BELLA
ROSABELLA,BELLE
ROSABELLA,ROSA
ROSABELLA,ROSE
ROSABELLA,ROZ
ROSAENN,ANN
ROSAENNA,ANN
ROSALINDA,LINDA
ROSALINDA,ROSA
ROSALINDA,ROSE
ROSALINDA,ROZ
ROSALYN,LINDA
ROSALYN,ROSA
ROSALYN,ROSE
ROSALYN,ROZ
ROSE,ROSABEL
ROSE,ROSABELLA
ROSE,ROSALYN
ROSE,ROSEANN
ROSE,ROSEANNA
ROSE,ROXANNA
ROSE,ROXANNE
ROSE,ROSALINDA
ROSE,ROSA
ROSE,ROSIE
ROSEANN,ANN
ROSEANN,ROSE
ROSEANN,ROSIE
ROSEANN,ROZ
ROSEANNA,ANN
ROSEANNA,ROSE
ROSEANNA,ROSIE
ROSEANNA,ROZ
ROSEANNE,ANN
ROSEY,EUPHROSINA
ROSIE,ROSEANN
ROSIE,ROSEANNA
ROSIE,ROSE
ROWLAND,ROLAND
ROX,ROXANE
ROX,ROXANNE
ROXANE,ROXIE
ROXANE,ROX
ROXANNA,ANN
ROXANNA,ROSE
ROXANNA,ROXIE
ROXANNE,ANN
ROXANNE,ROSE
ROXANNE,ROXIE
ROXANNE,ROX
ROXIE,ROXANNA
ROXIE,ROXANNE
ROXIE,ROXANE
ROY,LEROY
ROZ,ROSABEL
ROZ,ROSABELLA
ROZ,ROSALYN
ROZ,ROSALINDA
ROZ,ROSEANN
ROZ,ROSEANNA
RUBE,REUBEN
RUDOLPH,DOLPH
RUDOLPH,OLPH
RUDOLPH,ROLF
RUDOLPH,RUDY
RUDOLPH,ROLLO
RUDOLPHUS,DOLPH
RUDOLPHUS,OLPH
RUDOLPHUS,ROLF
RUDOLPHUS,RUDY
RUDY,RUDOLPH
RUDY,RUDOLPHUS
RUPERT,RODGER
RUPERT,ROGER
RUPERT,ROBERT
RUSS,RUSSELL
RUSSELL,RUSS
RUSSELL,RUSTY
RUSTY,RUSSELL
SABE,ISABELLE
SABE,ISABELLA
SABRA,ISABELLE
SABRA,ISABELLA
SABRINA,BRINA
SADIE,SARAH
SAL,SOLOMON
SAL,SALVADOR
SAL,SARAH
SALLIE,SARAH
SALLY,SARAH
SALMON,SOLOMON
SALVADOR,SAL
SAM,SAMUEL
SAM,SAMSON
SAM,SAMPSON
SAM,SAMMY
SAMMY,SAMUEL
SAMMY,SAM
SAMPSON,SAM
SAMSON,SAM
SAMUEL,SAM
SAMUEL,SAMMY
SANDRA,CASSANDRA
SANDRA,ALEXANDRA
SANDRA,ALEXANDRIA
SANDRA,SANDY
SANDY,CASSANDRA
SANDY,SANDRA
SANDY,ALEXANDER
SANDY,ALEXANDRA
SARA,SARAH
SARAH,SADIE
SARAH,SALLY
SARAH,SAL
SARAH,SALLIE
SARAH,SARA
SARAH,SURRY
SAUL,SOLOMON
SCOTT,PRESCOTT
SCOTTY,PRESCOTT
SEE,SEYMOUR
SENE,ASENATH
SERENA,RENA
SERENE,CYRENIUS
SEYMOUR,MOREY
SEYMOUR,SEE
SHEILA,CECILIA
SHEL,SHELTON
SHELLY,MICHELLE
SHELLY,RACHEL
SHELLY,SHELTON
SHELTON,SHEL
SHELTON,SHELLY
SHELTON,TONY
SHER,SHERIDAN
SHER,SHERYL
SHER,CHER
SHERIDAN,DAN
SHERIDAN,DANNY
SHERIDAN,SHER
SHERRY,SHIRLEY
SHERRY,CHARLOTTE
SHERYL,CHERYL
SHERYL,SHER
SHIRL,SHIRLEY
SHIRLEY,LEE
SHIRLEY,SHERRY
SHIRLEY,SHIRL
SI,SILAS
SI,SIMEON
SI,SIMON
SI,SYLVESTER
SID,SIDNEY
SIDNEY,SID
SIDNEY,SYD
SIG,SIGISMUND
SIGISMUND,SIG
SILAS,SI
SILLA,DRUSILLA
SIM,SIMEON
SIMEON,SI
SIMEON,SION
SIMEON,SIMON
SIMEON,SIM
SIMON,SIMEON
SIMON,SI
SIMON,SION
SION,SIMEON
SION,SIMON
SIS,FRANCES
SLY,SYLVESTER
SMITH,SMITTY
SMITTY,SMITH
SOL,SOLOMON
SOLLY,SOLOMON
SOLOMON,SAL
SOLOMON,SALMON
SOLOMON,SAUL
SOLOMON,SOL
SOLOMON,SOLLY
SOLOMON,ZOLLY
SONNY,JEFFERSON
SONNY,JUDSON
SOPHIA,SOPHRONIA
SOPHIA,SOPHIE
SOPHIE,SOPHIA
SOPHRONIA,FRONIA
SOPHRONIA,SOPHIA
SOPHRONIA,FRONA
STACIA,EUSTACIA
STACY,EUSTACIA
STAN,STANLEY
STANLEY,STAN
STELLA,ESTELLA
STELLA,ESTELLE
STEPH,STEPHEN
STEPH,STEVEN
STEPH,STEPHANIE
STEPHAN,STEVE
STEPHANIE,STEPH
STEPHEN,STEPH
STEPHEN,STEVE
STEPHEN,STEVEN
STEVE,STEPHEN
STEVE,STEVEN
STEVE,STEPHAN
STEVEN,STEPHEN
STEVEN,STEPH
STEVEN,STEVE
STU,STUART
STUART,STU
SUBMIT,MITTY
SUE,SUSAN
SUE,SUSANNAH
SUE,SUSIE
SUKEY,SUSAN
SUKEY,SUSANNAH
SULLIVAN,SULLY
SULLIVAN,VAN
SULLY,SULLIVAN
SURRY,SARAH
SUSAN,SUSANNAH
SUSAN,HANNAH
SUSAN,SUE
SUSAN,SUKEY
SUSAN,SUSIE
SUSAN,SUZIE
SUSANNAH,HANNAH
SUSANNAH,SUE
SUSANNAH,SUKEY
SUSANNAH,SUSIE
SUSANNAH,SUSAN
SUSANNAH,SUZANNE
SUSIE,SUSAN
SUSIE,SUSANNAH
SUSIE,SUE
SUSIE,SUZIE
SUZANNE,SUSANNAH
SUZIE,SUSAN
SUZIE,SUSIE
SWENE,CYRENIUS
SY,SYLVESTER
SYD,SIDNEY
SYL,SYLVESTER
SYLVESTER,SI
SYLVESTER,SLY
SYLVESTER,SY
SYLVESTER,SYL
SYLVESTER,VESSIE
SYLVESTER,VESTER
SYLVESTER,VET
TABBY,TABITHA
TABITHA,TABBY
TAD,THADDEUS
TAVIA,OCTAVIA
TED,THEODORE
TED,EDMUND
TED,EDWARD
TED,TEDDY
TEDDY,THEODORE
TEDDY,EDWARD
TEDDY,TED
TERENCE,TERRY
TERESA,TERRY
TERESA,TESS
TERESA,TESSA
TERESA,TESSIE
TERRY,TERENCE
TERRY,TERESA
TERRY,THERESA
TESS,TERESA
TESS,THERESA
TESSA,TERESA
TESSA,THERESA
TESSIE,TERESA
TESSIE,THERESA
THAD,THADDEUS
THADDEUS,THAD
THADDEUS,TAD
THAN,NATHANIEL
THEO,THEODORE
THEO,THEODOSIA
THEODORA,DORA
THEODORE,TED
THEODORE,TEDDY
THEODORE,THEO
THEODOSIA,THEO
THEODOSIA,DOSIA
THEOPHILUS,OPHI
THERESA,TERRY
THERESA,TESS
THERESA,TESSA
THERESA,TESSIE
THERESA,THIRZA
THERESA,THURSA
THERESA,TRACY
THERESA,TICY
THIAS,MATTHEW
THIAS,MATTHIAS
THIRZA,THERESA
THOM,THOMAS
THOM,TOM
THOM,TOMMY
THOMAS,THOM
THOMAS,TOM
THOMAS,TOMMY
THURSA,THERESA
THYS,MATTHEW
THYS,MATTHIAS
TIBBIE,ISABEL
TIBBIE,ISABELLA
TIBBIE,ISABELLE
TICY,THERESA
TILDA,MATILDA
TILLA,MATILDA
TILLIE,MATILDA
TILLY,MATILDA
TIM,TIMOTHY
TIM,TIMMY
TIMMY,TIMOTHY
TIMMY,TIM
TIMOTHY,TIM
TIMOTHY,TIMMY
TINA,AUGUSTINA
TINA,CHRISTINA
TINA,MARTINA
TINA,AUGUSTA
TINA,CHRISTIANA
TINA,CHRISTINE
TINA,KRISTINE
TINA,VALENTINA
TINA,ERNESTINE
TISH,LATISHA
TISH,TISHA
TISH,LETITIA
TISHA,LATISHA
TISHA,TISH
TITIA,LETITIA
TOBE,TOBIAS
TOBIAS,BIAS
TOBIAS,TOBY
TOBIAS,TOBE
TOBIAS,TY
TOBY,TOBIAS
TOM,THOM
TOM,THOMAS
TOM,TOMMY
TOMMY,THOM
TOMMY,THOMAS
TOMMY,TOM
TONY,ANTHONY
TONY,SHELTON
TONY,ANTOINETTE
TONY,ANTONIA
TONY,CLIFTON
TORI,VICTORIA
TORIE,VICTORIA
TORRI,VICTORIA
TORRIE,VICTORIA
TORY,VICTORIA
TRACY,THERESA
TRICIA,PATRICIA
TRINA,CATHERINE
TRINA,CATHLEEN
TRINA,KATHERINE
TRINA,KATHLEEN
TRISHA,PATRICIA
TRISHA,BEATRICE
TRIX,BEATRICE
TRIX,TRIXIE
TRIXIE,BEATRICE
TRIXIE,TRIX
TRIXIE,PATRICIA
TRUDY,GERTRUDE
TRYPHENA,PHENA
TY,TOBIAS
URIAH,RIAH
VAL,VALERI
VAL,VALERIE
VAL,VALENTINA
VALENTINA,TINA
VALENTINA,VAL
VALENTINA,VALLIE
VALENTINE,FELTY
VALERI,VAL
VALERIE,VAL
VALLIE,VALENTINA
VAN,SULLIVAN
VAN,VANESSA
VANESSA,ESSA
VANESSA,NESSA
VANESSA,VANNA
VANESSA,VAN
VANESSA,VANNIE
VANNA,VANESSA
VANNIE,VANESSA
VERNA,LAVERNE
VERNISEE,NICEY
VERONICA,FRANKY
VERONICA,FRONY
VERONICA,RON
VERONICA,RONIE
VERONICA,RONNA
VERONICA,RONNIE
VERONICA,RONNY
VERONICA,VONNIE
VESSIE,SYLVESTER
VESTER,SYLVESTER
VET,SYLVESTER
VI,VIVIAN
VIC,VICTOR
VIC,VINCENT
VIC,VINCENZON
VIC,VICTORIA
VIC,VINCENZO
VIC,VICKI
VIC,VICKY
VICK,VICTOR
VICKI,VICTORIA
VICKI,VIC
VICKI,VICKY
VICKIE,VICTORIA
VICKY,VICTORIA
VICKY,VIC
VICKY,VICKI
VICTOR,VIC
VICTOR,VICK
VICTORIA,TORI
VICTORIA,TORIE
VICTORIA,TORRI
VICTORIA,TORRIE
VICTORIA,TORY
VICTORIA,VIC
VICTORIA,VICKI
VICTORIA,VICKIE
VICTORIA,VICKY
VIN,VINCENT
VIN,VINCENZO
VIN,CALVIN
VIN,VINNY
VINA,LAVINA
VINA,LAVINIA
VINA,MELVINA
VINCE,VINCENT
VINCE,VINSON
VINCE,VINNIE
VINCENT,VIC
VINCENT,VIN
VINCENT,VINCE
VINCENT,VINNIE
VINCENT,VINNY
VINCENZO,VIC
VINCENZO,VIN
VINCENZO,VINNIE
VINCENZO,VINNY
VINCENZON,VIC
VINEY,LAVINA
VINEY,LAVINIA
VINNIE,VINCENT
VINNIE,VINCENZO
VINNIE,VINCE
VINNY,CALVIN
VINNY,VINCENT
VINNY,VINCENZO
VINNY,VINSON
VINNY,VIN
VINSON,VINCE
VINSON,VINNY
VIRGIE,VIRGINIA
VIRGINIA,JANE
VIRGINIA,GINGER
VIRGINIA,GINNY
VIRGINIA,JENNIE
VIRGINIA,VIRGY
VIRGINIA,VIRGIE
VIRGY,VIRGINIA
VIVIAN,VI
VONNA,YVONNE
VONNIE,VERONICA
WALDO,OSWALD
WALDO,OSSY
WALDO,OZZY
WALLACE,WALLY
WALLACE,WALLIE
WALLIE,WALLACE
WALLY,WALLACE
WALLY,WALTER
WALLY,WALT
WALT,WALTER
WALT,WALLY
WALTER,WALLY
WALTER,WALT
WALTER,WAT
WASH,WASHINGTON
WASHINGTON,WASH
WAT,WALTER
WEBB,WEBSTER
WEBSTER,WEBB
WENDY,GWENDOLYN
WENDY,GWEN
WILBER,GILBERT
WILBER,BERT
WILBER,WILL
WILBUR,WILL
WILBUR,WILLIE
WILBUR,WILLY
WILFRED,FRED
WILFRED,WILL
WILFRED,WILLIE
WILHELMINA,MINA
WILHELMINA,MINNIE
WILHELMINA,WILLIE
WILHELMINA,WILMA
WILL,WILBUR
WILL,WILLIAM
WILL,WILSON
WILL,WILBER
WILL,WILFRED
WILL,BILL
WILL,FRED
WILL,WILLIE
WILLIAM,BELA
WILLIAM,BELL
WILLIAM,BILL
WILLIAM,BILLY
WILLIAM,WILL
WILLIAM,WILLIE
WILLIAM,WILLY
WILLIE,WILBUR
WILLIE,WILLIAM
WILLIE,WILSON
WILLIE,WILFRED
WILLIE,WILHELMINA
WILLIE,WILL
WILLIE,BILL
WILLIE,FRED
WILLY,WILBUR
WILLY,WILLIAM
WILLY,WILSON
WILMA,WILHELMINA
WILSON,WILL
WILSON,WILLIE
WILSON,WILLY
WIN,EDWIN
WIN,WINFIELD
WINFIELD,FIELD
WINFIELD,WIN
WINFIELD,WINNY
WINIFRED,FREDDIE
WINIFRED,WINNET
WINIFRED,WINNIE
WINNET,WINIFRED
WINNIE,WINNIFRED
WINNIE,WINIFRED
WINNIFRED,FRED
WINNIFRED,FREDDIE
WINNIFRED,FREDDY
WINNIFRED,WINNIE
WINNIFRED,WINNY
WINNY,WINNIFRED
WINNY,WINFIELD
WOOD,WOODROW
WOODROW,DREW
WOODROW,WOOD
WOODROW,WOODY
WOODY,ELWOOD
WOODY,WOODROW
YVONNE,VONNA
ZACH,ZACHARIAH
ZACHARIAH,ZACH
ZACHARIAH,ZACHY
ZACHARIAH,ZEKE
ZACHARIAH,ZACHARIAS
ZACHARIAH,ZACHARY
ZACHARIAS,ZACHARIAH
ZACHARY,ZACHARIAH
ZACHY,ZACHARIAH
ZADOCK,MELCHIZEDEK
ZADOCK,DICK
ZEB,ZEBEDEE
ZEB,ZEBULON
ZEBEDEE,ZEB
ZEBULON,ZEB
ZEBULON,LON
ZED,ZEDEDIAH
ZEDEDIAH,DIAH
ZEDEDIAH,DYER
ZEDEDIAH,ZED
ZEKE,EZEKIEL
ZEKE,ISAAC
ZEKE,ZACHARIAH
ZEPANIAH,ZEPH
ZEPH,ZEPHANIAH
ZEPH,ZEPANIAH
ZEPHANIAH,ZEPH
ZOLLY,SOLOMON
